Price,Sq Ft,Bedrooms,Full Bath,Half Bath,Property Type,Taxes,Style,Lot Size,Year Built,Town/City,County/Region,MLS | Web ID,Town/City Median Income
1950000.0,3388, 5 ,4,1, Single Family ,"$ 23,670",Contemporary,0.13,1968,Oyster Bay,Nassau,3547293,117085
995000.0,6192, 4 ,1,2, Single Family ,"$ 15,009",Victorian,0.14,1903,Oyster Bay,Nassau,3543808,117085
1026000.0,12001, Studio ,,, Commercial ,"$ 18,132",,0.28,1900,Oyster Bay,Nassau,3543177,117085
1325000.0,3582, 5 ,3,1, Single Family ,"$ 17,621",Cape Cod,0.21,1905,Oyster Bay,Nassau,3539137,117085
2395000.0,87338, 5 ,5,1, Single Family ,"$ 29,241",Colonial,2.01,1984,Oyster Bay,Nassau,3538555,117085
989000.0,14810, 4 ,3,1, Multi-Family ,"$ 19,991",Duplex,0.34,1930,Oyster Bay,Nassau,3535736,117085
929000.0,1881, 3 ,2,1, Single Family ,"$ 13,454",Split Level,0.17,1960,Oyster Bay,Nassau,3535856,117085
839000.0,1600, 4 ,2,, Single Family ,"$ 11,811",Split Level,0.18,1956,Oyster Bay,Nassau,3525649,117085
10888000.0,7830, 6 ,8,3, Single Family ,"$ 96,212",Estate,16.14,1856,Oyster Bay,Nassau,3520828,117085
1200000.0,6750, 4 ,2,1, Single Family ,"$ 18,000",Colonial,0.15,2023,Oyster Bay,Nassau,3517493,117085
2150000.0,4250, Studio ,,, Commercial ,"$ 41,006",,0.1,1952,Oyster Bay,Nassau,3516603,117085
3788000.0,6355, 6 ,6,1, Single Family ,$ 0,Colonial,1.25,2023,Oyster Bay,Nassau,3505881,117085
1750000.0,87294, 5 ,3,1, Single Family ,"$ 22,083",Contemporary,2,1985,Oyster Bay,Nassau,3498700,117085
2995000.0,17746, Studio ,,, Commercial ,"$ 86,053",,0.41,,Oyster Bay,Nassau,3494434,117085
1250000.0,6750, 4 ,2,1, Single Family ,"$ 18,000",Colonial,0.15,2023,Oyster Bay,Nassau,3483033,117085
159000.0,4800, Studio ,,, Lots and Land ,$ 0,,0.11,,Oyster Bay,Nassau,3480820,117085
495000.0,3049, 2 ,1,1, Single Family ,$ 604,Contemporary,0.07,2023,Oyster Bay,Nassau,3470901,117085
1500000.0,89298, 5 ,3,1, Single Family ,"$ 23,268",Colonial,2.05,2002,Oyster Bay,Nassau,3458451,117085
749000.0,1142, 4 ,2,, Single Family ,"$ 11,691",Cape Cod,0.11,1948,Carle Place,Nassau,3546828,88019
949000.0,1831, 4 ,2,, Single Family ,"$ 13,593",Colonial,0.15,1947,Carle Place,Nassau,3546379,88019
999000.0,6300, 4 ,4,, Multi-Family ,"$ 14,733",Semi Detached,0.14,1950,Carle Place,Nassau,3543184,88019
1099000.0,2650, 4 ,3,, Single Family ,"$ 17,727",Colonial,0.14,1947,Carle Place,Nassau,3540837,88019
769000.0,1385, 3 ,2,, Single Family ,"$ 10,923",Cape Cod,0.14,1947,Carle Place,Nassau,3539737,88019
899000.0,1714, 4 ,2,, Single Family ,"$ 14,309",Hi Ranch,0.15,1975,Carle Place,Nassau,3537398,88019
749999.0,1365, 4 ,2,, Single Family ,"$ 11,154",Exp Cape,0.11,1953,Carle Place,Nassau,3536097,88019
529000.0,1267, 3 ,1,1, Single Family ,"$ 12,321",Exp Cape,0.1,1940,Carle Place,Nassau,3533611,88019
870000.0,1803, 4 ,3,, Single Family ,"$ 15,138",Exp Cape,0.16,1951,Carle Place,Nassau,3534429,88019
249900.0,17999, Studio ,,, Commercial ,$ 0,,0.41,,Carle Place,Nassau,3532725,88019
2500000.0,12500, Studio ,,, Commercial ,"$ 45,875",,0.29,1954,Carle Place,Nassau,3532010,88019
699000.0,1313, 4 ,2,, Single Family ,"$ 13,143",Exp Cape,0.28,1948,Carle Place,Nassau,3529583,88019
859000.0,15002, 2 ,1,1, Single Family ,"$ 11,533",Cape Cod,0.34,1930,Carle Place,Nassau,3529288,88019
699000.0,1750, 3 ,2,, Single Family ,"$ 12,476",Exp Cape,0.11,1955,Carle Place,Nassau,3522514,88019
2750000.0,5000, Studio ,,, Commercial ,"$ 36,728",,0.11,1969,Carle Place,Nassau,3521666,88019
1800000.0,13843, 6 ,2,, Multi-Family ,"$ 54,295",Two Story,0.32,1967,Carle Place,Nassau,3505618,88019
800000.0,1855, 3 ,2,, Single Family ,"$ 8,819",Colonial,0.17,1928,South Hempstead,Nassau,3540391,105456
629000.0,7020, 4 ,2,, Single Family ,"$ 13,820",Exp Cape,0.16,1952,South Hempstead,Nassau,3541216,105456
525000.0,5000, 2 ,2,, Single Family ,"$ 5,712",Ranch,0.11,1940,South Hempstead,Nassau,3536806,105456
735000.0,5700, 4 ,2,, Single Family ,"$ 15,752",Colonial,0.13,1933,South Hempstead,Nassau,3531388,105456
949000.0,1941, 5 ,3,, Single Family ,"$ 15,061",Colonial,0.1,1943,Garden City,Nassau,3543581,148988
749999.0,4200, 4 ,3,, Single Family ,"$ 10,686",Exp Cape,0.1,1943,Franklin Square,Nassau,3541586,98226
1440000.0,3865, 5 ,3,1, Single Family ,"$ 16,603",Colonial,0.18,2005,Garden City,Nassau,3541298,148988
799999.0,5000, 4 ,2,, Single Family ,"$ 7,906",Cape Cod,0.11,1946,Franklin Square,Nassau,3539669,98226
1088000.0,6000, 3 ,3,1, Single Family ,"$ 14,136",Split Level,0.14,1954,Garden City,Nassau,3536790,148988
875000.0,4000, 4 ,3,, Single Family ,"$ 11,786",Hi Ranch,0.09,1996,Franklin Square,Nassau,3533116,98226
1799000.0,15002, 6 ,3,1, Single Family ,"$ 23,765",Colonial,0.34,1913,Garden City,Nassau,3499109,148988
899999.0,1808, 3 ,3,, Single Family ,"$ 14,934",Split Level,0.15,1954,Garden City,Nassau,3487050,148988
1899000.0,6400, 4 ,4,1, Single Family ,"$ 19,690",Tudor,0.15,1930,East Williston,Nassau,3546380,130858
1529888.0,2500, 4 ,2,1, Single Family ,"$ 20,715",Colonial,0.24,1948,East Williston,Nassau,3545508,130858
999999.0,1624, 2 ,2,1, Single Family ,"$ 18,645",Colonial,0.14,1943,East Williston,Nassau,3539836,130858
1398880.0,8000, 5 ,3,1, Single Family ,"$ 18,675",Exp Ranch,0.18,1953,East Williston,Nassau,3538099,130858
1525000.0,3454, 4 ,3,1, Single Family ,"$ 32,694",Colonial,0.29,1937,East Williston,Nassau,3537651,130858
979000.0,1652, 3 ,2,1, Single Family ,"$ 16,953",Split Level,0.29,1954,East Williston,Nassau,3534478,130858
1200000.0,2123, 3 ,1,1, Single Family ,"$ 21,133",Colonial,0.24,1937,East Williston,Nassau,3528671,130858
1225000.0,2782, 5 ,3,, Single Family ,"$ 18,677",Victorian,0.14,1918,East Williston,Nassau,3527568,130858
2599000.0,4900, 5 ,4,1, Single Family ,"$ 35,529",Colonial,0.61,2011,East Williston,Nassau,3525877,130858
1250000.0,3000, 4 ,2,1, Single Family ,"$ 11,505",Colonial,0.14,2018,Massapequa,Nassau,3547079,109697
679000.0,1360, 3 ,1,1, Single Family ,"$ 12,064",Ranch,0.18,1955,Massapequa,Nassau,3545868,109697
699900.0,6000, 4 ,2,1, Single Family ,"$ 12,839",Colonial,0.14,1968,Massapequa,Nassau,3545760,109697
999000.0,3000, 6 ,3,, Single Family ,"$ 18,591",Raised Ranch,0.18,1955,Massapequa,Nassau,3545264,109697
639000.0,1758, 5 ,2,, Single Family ,"$ 12,738",Hi Ranch,0.18,1965,Massapequa,Nassau,3545326,109697
659000.0,4000, 3 ,2,, Single Family ,"$ 9,254",Hi Ranch,0.09,1963,Massapequa,Nassau,3545076,109697
899999.0,1800, 5 ,2,, Single Family ,"$ 14,391",Colonial,0.18,1953,Massapequa,Nassau,3544567,109697
679000.0,1850, 3 ,2,, Single Family ,"$ 14,754",Colonial,0.14,1951,Massapequa,Nassau,3543916,109697
649990.0,1254, 3 ,1,1, Single Family ,"$ 13,740",Split Level,0.21,1956,Massapequa Park,Nassau,3543985,118445
1080000.0,3000, 5 ,3,, Single Family ,"$ 15,910",Split Level,0.28,1956,Massapequa,Nassau,3542428,109697
675000.0,7000, 5 ,3,, Single Family ,"$ 13,378",Hi Ranch,0.16,1965,Massapequa,Nassau,3542789,109697
699000.0,6500, 3 ,2,, Single Family ,"$ 11,870",Split Level,0.15,1956,Massapequa Park,Nassau,3542833,118445
825000.0,2408, 4 ,2,1, Single Family ,"$ 14,330",Split Level,0.18,1950,Massapequa,Nassau,3539781,109697
825000.0,8000, 4 ,1,1, Single Family ,"$ 14,133",Exp Cape,0.18,1949,Massapequa,Nassau,3539924,109697
529000.0,1360, 3 ,1,1, Condo ,"$ 11,535",Townhouse,11.95,1985,Massapequa Park,Nassau,3542692,118445
774990.0,2875, 4 ,3,, Single Family ,"$ 15,375",Exp Cape,0.18,1953,Massapequa,Nassau,3542017,109697
499000.0,8900, 3 ,1,, Single Family ,"$ 10,964",Cape Cod,0.2,1943,Massapequa,Nassau,3542200,109697
685000.0,1573, 4 ,1,1, Single Family ,"$ 12,629",Cape Cod,0.16,1956,Massapequa Park,Nassau,3541254,118445
749000.0,1500, 4 ,3,, Single Family ,"$ 12,668",Split Level,0.14,1956,Massapequa,Nassau,H6296377,109697
1149999.0,3200, 4 ,3,1, Single Family ,"$ 22,004",Colonial,0.11,1925,Massapequa,Nassau,3539198,109697
698888.0,1456, 4 ,2,, Single Family ,"$ 12,256",Exp Cape,0.53,1962,Massapequa,Nassau,3539206,109697
774999.0,1850, 5 ,2,, Single Family ,"$ 12,677",Cape Cod,0.14,1951,Massapequa,Nassau,3536569,109697
625000.0,6000, 6 ,2,, Single Family ,"$ 11,584",Colonial,0.14,1950,Amityville,Suffolk,3537958,80155
749990.0,1800, 4 ,2,, Single Family ,"$ 12,855",Exp Cape,0.18,1954,Massapequa Park,Nassau,3537394,118445
679999.0,1861, 4 ,2,, Single Family ,"$ 13,258",Raised Ranch,0.09,1973,Massapequa,Nassau,3536813,109697
899999.0,12384, 3 ,2,, Single Family ,"$ 14,086",Split Level,0.28,1956,Massapequa Park,Nassau,3535714,118445
999000.0,10000, 4 ,2,1, Single Family ,$ 0,Colonial,0.23,2024,Massapequa,Nassau,3536294,109697
549999.0,6250, 3 ,2,, Single Family ,"$ 10,538",Hi Ranch,0.14,1963,Massapequa,Nassau,3535797,109697
1100000.0,5900, 5 ,2,1, Single Family ,$ 0,Colonial,0.14,2024,Massapequa,Nassau,3534977,109697
539999.0,1350, 2 ,2,, Condo ,"$ 14,193",,16.66,2008,Massapequa,Nassau,3534564,109697
1088888.0,3064, 4 ,3,1, Single Family ,"$ 21,301",Contemporary,0.23,1962,Massapequa,Nassau,3534220,109697
539999.0,13281, 3 ,1,, Single Family ,"$ 11,242",Ranch,0.3,1953,Massapequa,Nassau,3533838,109697
639000.0,7700, 4 ,2,, Single Family ,"$ 10,890",Cape Cod,0.18,1956,Massapequa Park,Nassau,3533280,118445
1799999.0,6000, 6 ,4,, Single Family ,"$ 31,524",,0.31,1946,Massapequa,Nassau,3532220,109697
649000.0,6500, 5 ,2,, Single Family ,"$ 10,940",Hi Ranch,0.15,1970,Massapequa,Nassau,3531919,109697
779000.0,2110, 5 ,4,, Single Family ,"$ 14,087",Colonial,0.17,1968,Massapequa,Nassau,3531326,109697
774000.0,15198, 3 ,2,, Single Family ,"$ 10,148",Exp Ranch,0.35,1925,Massapequa,Nassau,3530419,109697
675000.0,8400, 3 ,2,, Single Family ,"$ 13,447",Cape Cod,0.19,1956,Massapequa Park,Nassau,3528604,118445
2249999.0,22351, 5 ,3,1, Single Family ,"$ 37,824",Colonial,0.51,1966,Massapequa,Nassau,3530161,109697
675000.0,7500, 4 ,2,, Single Family ,"$ 11,623",Hi Ranch,0.17,1965,Massapequa,Nassau,3526906,109697
659000.0,1277, 2 ,1,, Single Family ,"$ 15,118",Ranch,0.19,1953,Massapequa Park,Nassau,3528078,118445
1599000.0,3500, 5 ,3,1, Single Family ,$ 0,Colonial,0.28,2024,Massapequa,Nassau,3529205,109697
685000.0,6360, 5 ,2,, Single Family ,"$ 11,709",Hi Ranch,0.15,1966,Massapequa,Nassau,3524667,109697
799999.0,6000, 4 ,2,, Single Family ,"$ 11,425",Hi Ranch,0.14,1966,Massapequa,Nassau,3524453,109697
699000.0,1563, 4 ,2,, Single Family ,"$ 11,248",Hi Ranch,0.34,1966,Massapequa,Nassau,3523741,109697
660500.0,10200, 4 ,2,, Single Family ,"$ 17,174",Hi Ranch,0.23,1966,Massapequa,Nassau,3523363,109697
1499000.0,3400, 5 ,3,1, Single Family ,$ 0,Colonial,0.28,2024,Massapequa,Nassau,3521706,109697
725000.0,8000, 3 ,1,1, Single Family ,"$ 11,557",Split Level,0.18,1958,Massapequa,Nassau,3521256,109697
569990.0,7695, 3 ,2,1, Single Family ,"$ 14,137",Split Level,0.18,1958,Massapequa Park,Nassau,3520530,118445
479990.0,1050, 3 ,1,, Single Family ,"$ 12,297",Cape Cod,0.15,1949,Massapequa,Nassau,3519121,109697
879000.0,8040, 2 ,2,, Single Family ,"$ 14,796",Cottage,0.18,1929,Massapequa,Nassau,3517163,109697
590000.0,5900, 4 ,2,, Single Family ,"$ 11,145",Exp Cape,0.14,1960,Massapequa,Nassau,3527116,109697
599000.0,7500, 3 ,1,1, Single Family ,"$ 12,528",Hi Ranch,0.17,1965,Massapequa,Nassau,3512979,109697
564950.0,6968, 3 ,3,, Single Family ,"$ 8,900",Colonial,0.16,1927,Amityville,Suffolk,3506767,80155
315000.0,1214, 3 ,2,, Single Family ,"$ 5,025",Ranch,0.29,1960,Massapequa,Nassau,3506223,109697
799000.0,8000, 4 ,2,1, Single Family ,"$ 14,054",Split Level,0.18,1956,Massapequa,Nassau,3505459,109697
319999.0,4250, Studio ,,, Lots and Land ,$ 343,,976,,Massapequa,Nassau,3497795,109697
649999.0,1722, 5 ,2,, Single Family ,"$ 13,559",Exp Cape,0.14,1956,Massapequa Park,Nassau,3497121,118445
585000.0,1931, 4 ,2,, Single Family ,"$ 8,686",Split Level,0.24,1954,Amityville,Suffolk,3496328,80155
239000.0,2000, Studio ,,, Commercial ,$ 0,,0.05,,Massapequa,Nassau,3493236,109697
429990.0,12000, Studio ,,, Single Family ,"$ 14,738",Tudor,0.28,1936,Massapequa,Nassau,3478332,109697
1475000.0,3650, 5 ,4,1, Single Family ,$ 0,Colonial,0.23,2023,Massapequa,Nassau,3457552,109697
450000.0,5720, 4 ,2,1, Single Family ,"$ 9,819",Split Level,0.13,1956,Massapequa,Nassau,3435436,109697
3780000.0,41480, Studio ,,, Commercial ,"$ 109,657",,0.95,2011,Massapequa,Nassau,3433186,109697
619000.0,6000, 3 ,1,, Single Family ,"$ 13,539",Ranch,0.14,1962,Bethpage,Nassau,3546454,102870
515000.0,1076, 3 ,1,, Single Family ,"$ 13,719",Ranch,0.14,1954,Bethpage,Nassau,3546925,102870
729000.0,1400, 4 ,2,, Single Family ,"$ 12,395",Cape Cod,0.14,1957,Bethpage,Nassau,3546996,102870
799000.0,1700, 4 ,2,, Single Family ,"$ 10,841",Colonial,0.2,1951,Bethpage,Nassau,3546309,102870
1428888.0,3150, 5 ,3,, Single Family ,$ 0,Colonial,0.16,2024,Bethpage,Nassau,3542615,102870
1498888.0,3350, 5 ,3,, Single Family ,$ 0,Colonial,0.17,2024,Bethpage,Nassau,3542619,102870
1299000.0,3200, 6 ,4,1, Single Family ,"$ 11,540",Colonial,0.17,1951,Bethpage,Nassau,3545863,102870
759000.0,10625, 3 ,3,, Single Family ,"$ 14,978",Cape Cod,0.24,1953,Bethpage,Nassau,3545961,102870
1448888.0,3200, 6 ,3,1, Single Family ,$ 0,Colonial,0.17,2024,Bethpage,Nassau,3545973,102870
1438888.0,17675, 5 ,3,1, Single Family ,$ 0,Colonial,0.41,2024,Bethpage,Nassau,3545988,102870
699000.0,1819, 5 ,3,, Single Family ,"$ 15,635",Exp Cape,0.14,1959,Bethpage,Nassau,3545515,102870
849000.0,1700, 4 ,2,, Single Family ,"$ 14,470",Exp Cape,0.14,1959,Bethpage,Nassau,3545213,102870
1438888.0,3200, 5 ,3,1, Single Family ,$ 0,Colonial,0.16,2024,Bethpage,Nassau,3545485,102870
388000.0,10640, Studio ,,, Commercial ,$ 0,,0.24,,Bethpage,Nassau,3545582,102870
1438888.0,3200, 5 ,3,1, Single Family ,$ 0,Colonial,0.17,2024,Bethpage,Nassau,3545185,102870
765000.0,12001, 4 ,2,1, Single Family ,"$ 13,558",Split Level,0.28,1961,Bethpage,Nassau,3544384,102870
749999.0,6000, 3 ,1,1, Single Family ,"$ 12,450",Split Level,0.14,1958,Bethpage,Nassau,3543950,102870
924888.0,2200, 5 ,2,, Single Family ,"$ 17,715",Colonial,0.18,1950,Bethpage,Nassau,3543642,102870
939000.0,6875, 6 ,2,, Single Family ,"$ 17,328",Colonial,0.16,1953,Bethpage,Nassau,3542821,102870
1099000.0,2690, 5 ,3,, Single Family ,"$ 11,722",Exp Ranch,0.39,1952,Bethpage,Nassau,3541469,102870
750000.0,7150, 5 ,3,, Single Family ,"$ 17,603",Hi Ranch,0.16,1983,Bethpage,Nassau,3541682,102870
769000.0,1950, 4 ,2,1, Single Family ,"$ 17,855",Splanch,0.18,1965,Bethpage,Nassau,3541238,102870
899900.0,11199, 3 ,2,, Single Family ,"$ 13,247",Split Level,0.26,1955,Bethpage,Nassau,3540614,102870
850000.0,7500, 4 ,3,, Single Family ,"$ 18,140",Split Level,0.17,1955,Bethpage,Nassau,3542034,102870
699999.0,1942, 4 ,3,, Single Family ,"$ 11,645",Split Level,0.14,1955,Bethpage,Nassau,3541353,102870
799999.0,7050, 4 ,2,, Single Family ,"$ 17,750",Colonial,0.16,1950,Bethpage,Nassau,3541393,102870
799999.0,7000, 4 ,2,, Single Family ,"$ 13,399",Colonial,0.16,1955,Bethpage,Nassau,3541425,102870
995000.0,10000, 5 ,4,, Single Family ,"$ 15,097",Hi Ranch,0.23,1987,Bethpage,Nassau,3540231,102870
489000.0,6000, 2 ,1,, Single Family ,"$ 12,262",Cape Cod,0.14,1943,Bethpage,Nassau,3540421,102870
1250000.0,3030, 7 ,4,, Single Family ,"$ 16,652",Duplex,0.17,1951,Bethpage,Nassau,3538991,102870
599900.0,1422, 4 ,1,, Single Family ,"$ 13,297",Exp Ranch,0.14,1950,Bethpage,Nassau,3539468,102870
989000.0,1816, 4 ,2,, Single Family ,"$ 12,450",Exp Ranch,0.14,1958,Bethpage,Nassau,3539110,102870
549000.0,10000, 3 ,1,, Single Family ,"$ 11,218",Ranch,0.23,1961,Bethpage,Nassau,3539248,102870
620000.0,7000, 3 ,2,, Single Family ,"$ 13,460",Exp Cape,0.16,1949,Bethpage,Nassau,3537969,102870
899999.0,9730, 5 ,2,1, Single Family ,"$ 14,956",Hi Ranch,0.22,1975,Bethpage,Nassau,3538129,102870
679000.0,8000, 2 ,1,1, Single Family ,"$ 12,673",Ranch,0.18,1927,Bethpage,Nassau,3538195,102870
599000.0,6000, 4 ,3,, Single Family ,"$ 14,779",Cape Cod,0.14,1958,Bethpage,Nassau,3537583,102870
699000.0,7120, 4 ,2,1, Single Family ,"$ 12,745",Exp Cape,0.16,1951,Bethpage,Nassau,3536127,102870
890000.0,8000, 6 ,2,, Single Family ,"$ 16,022",Colonial,0.18,1958,Bethpage,Nassau,3535691,102870
889000.0,2900, 6 ,3,, Single Family ,"$ 18,260",Hi Ranch,0.18,1971,Bethpage,Nassau,3535313,102870
699990.0,1889, 3 ,2,, Single Family ,"$ 13,658",Split Level,0.14,1956,Bethpage,Nassau,3533992,102870
599999.0,7000, 3 ,1,1, Single Family ,"$ 14,215",Exp Ranch,0.16,1959,Bethpage,Nassau,3533704,102870
675000.0,7350, 3 ,1,, Single Family ,"$ 14,296",Ranch,0.17,1961,Bethpage,Nassau,3532442,102870
575000.0,1200, 4 ,2,, Single Family ,"$ 11,904",Cape Cod,0.16,1960,Bethpage,Nassau,3530902,102870
988108.0,2500, 4 ,4,, Single Family ,"$ 16,171",Hi Ranch,0.23,1998,Bethpage,Nassau,3530009,102870
560000.0,5160, 3 ,1,, Single Family ,"$ 12,500",Ranch,0.12,1961,Bethpage,Nassau,3529588,102870
749990.0,1915, 4 ,2,, Single Family ,"$ 15,246",Exp Cape,1.72,1939,Bethpage,Nassau,3528887,102870
899777.0,33018, Studio ,,, Lots and Land ,$ 0,,0.76,,Bethpage,Nassau,3533730,102870
895000.0,7500, 4 ,3,, Multi-Family ,"$ 14,232",Duplex,0.17,1903,Bethpage,Nassau,3527952,102870
849000.0,6000, 5 ,3,, Single Family ,"$ 16,190",Colonial,0.14,1957,Bethpage,Nassau,3527524,102870
1399000.0,3400, 5 ,4,, Single Family ,$ 0,Colonial,0.18,2024,Bethpage,Nassau,3526739,102870
1399000.0,3400, 5 ,4,, Single Family ,$ 0,Colonial,0.25,2024,Bethpage,Nassau,3526742,102870
1580000.0,10101, Studio ,,, Commercial ,"$ 34,000",,0.23,1963,Bethpage,Nassau,3526520,102870
499000.0,864, 3 ,1,1, Single Family ,"$ 10,103",Ranch,0.14,1951,Bethpage,Nassau,3523596,102870
1100000.0,7500, Studio ,,, Commercial ,"$ 24,716",,0.17,1947,Bethpage,Nassau,3522162,102870
1100000.0,7500, 3 ,2,1, Multi-Family ,"$ 24,716",Colonial,0.17,1947,Bethpage,Nassau,3522164,102870
669999.0,6300, 4 ,2,, Single Family ,"$ 7,186",Exp Cape,0.14,1951,Bethpage,Nassau,3521055,102870
749000.0,7500, 5 ,3,, Single Family ,"$ 13,456",Colonial,0.17,1957,Bethpage,Nassau,3519289,102870
920000.0,7200, 6 ,3,, Single Family ,"$ 11,606",Hi Ranch,0.17,1961,Bethpage,Nassau,3513043,102870
549900.0,16087, 2 ,1,, Single Family ,"$ 10,932",Ranch,0.37,1918,Bethpage,Nassau,3513084,102870
578000.0,6000, 3 ,1,, Single Family ,"$ 9,497",Exp Ranch,0.14,1958,Bethpage,Nassau,3508926,102870
849999.0,2200, 6 ,4,, Single Family ,"$ 14,100",Exp Cape,0.16,1951,Bethpage,Nassau,3507026,102870
775000.0,2150, 3 ,2,, Single Family ,"$ 13,628",Colonial,0.23,1951,Bethpage,Nassau,3505500,102870
249000.0,10400, 6 ,2,1, Multi-Family ,$ 0,Colonial,0.24,1971,Bethpage,Nassau,3489736,102870
799000.0,1600, 4 ,3,, Single Family ,"$ 17,140",Colonial,0.16,1949,Bethpage,Nassau,3489676,102870
1399999.0,7000, 5 ,4,, Single Family ,$ 0,Colonial,0.16,2023,Bethpage,Nassau,3471749,102870
529777.0,10000, 2 ,1,, Single Family ,"$ 10,608",Ranch,0.23,1920,Bethpage,Nassau,3401127,102870
1399999.0,6300, 5 ,3,, Single Family ,"$ 20,086",Colonial,0.14,2004,Old Bethpage,Nassau,3545590,116179
1688000.0,3300, 5 ,4,, Single Family ,$ 0,Colonial,0.17,2024,Old Bethpage,Nassau,3546184,116179
925000.0,9840, 4 ,3,, Single Family ,"$ 17,226",Hi Ranch,0.23,1959,Old Bethpage,Nassau,3544106,116179
415000.0,10300, 4 ,3,1, Single Family ,"$ 17,013",Colonial,0.24,1987,Old Bethpage,Nassau,3543462,116179
1498000.0,3200, 5 ,3,1, Single Family ,"$ 16,444",Duplex,0.24,1963,Old Bethpage,Nassau,3542810,116179
949900.0,16248, 4 ,2,, Single Family ,"$ 16,431",Split Level,0.37,1958,Old Bethpage,Nassau,3542505,116179
1299000.0,6624, 5 ,4,, Single Family ,"$ 21,991",Colonial,0.15,1958,Old Bethpage,Nassau,3542694,116179
729000.0,10455, 3 ,2,, Single Family ,"$ 13,913",Ranch,0.24,1960,Old Bethpage,Nassau,3542106,116179
1749999.0,8867, 5 ,4,, Single Family ,"$ 12,068",Colonial,0.2,2024,Old Bethpage,Nassau,3540595,116179
1778888.0,3609, 5 ,4,, Single Family ,$ 0,Colonial,0.27,2024,Old Bethpage,Nassau,3539114,116179
1788888.0,3600, 5 ,4,, Single Family ,$ 0,Colonial,0.33,2024,Old Bethpage,Nassau,3539129,116179
879999.0,7000, 4 ,3,, Single Family ,"$ 13,545",Exp Ranch,0.16,1956,Old Bethpage,Nassau,3537604,116179
1499000.0,3250, 4 ,2,1, Single Family ,$ 0,Colonial,0.17,1958,Old Bethpage,Nassau,3538118,116179
699000.0,7242, 3 ,2,, Single Family ,"$ 13,380",Ranch,0.17,1958,Old Bethpage,Nassau,3538139,116179
1079000.0,2706, 4 ,3,1, Single Family ,"$ 18,987",Colonial,0.22,1961,Old Bethpage,Nassau,3537648,116179
1249999.0,2846, 5 ,4,, Single Family ,"$ 23,931",Colonial,0.27,1960,Old Bethpage,Nassau,3537664,116179
835999.0,10125, 3 ,3,, Single Family ,"$ 17,200",Ranch,0.23,1961,Old Bethpage,Nassau,3536661,116179
1150000.0,10625, 3 ,2,1, Single Family ,"$ 19,450",Colonial,0.24,1959,Old Bethpage,Nassau,3536099,116179
1498000.0,7840, 4 ,2,1, Single Family ,"$ 12,807",Colonial,0.18,2020,Old Bethpage,Nassau,3534459,116179
899000.0,9500, 3 ,1,1, Single Family ,"$ 15,764",Split Level,0.22,1958,Old Bethpage,Nassau,3533779,116179
1299999.0,2400, 4 ,3,1, Single Family ,"$ 17,137",Colonial,0.16,1954,Glen Head,Nassau,3545215,139486
1480000.0,8510, 4 ,3,1, Single Family ,"$ 19,349",Colonial,0.2,1984,Glen Head,Nassau,3545436,139486
1349000.0,2376, 4 ,2,1, Single Family ,"$ 16,877",Colonial,0.19,1966,Glen Head,Nassau,3543163,139486
1098000.0,16200, 3 ,2,, Single Family ,"$ 14,079",Colonial,0.37,1909,Glen Head,Nassau,3543793,139486
849000.0,2300, 3 ,2,1, Co-Op ,"$ 1,749",Townhouse,,1988,Glen Head,Nassau,3543369,139486
799000.0,875, 2 ,1,1, Single Family ,"$ 9,736",Cape Cod,0.22,1925,Glen Head,Nassau,3541914,139486
899000.0,10350, 3 ,2,, Single Family ,"$ 13,723",Cape Cod,0.24,1952,Glen Head,Nassau,3540456,139486
750000.0,1720, 4 ,2,, Single Family ,"$ 12,552",Exp Ranch,0.46,1922,Glen Head,Nassau,3539066,139486
979000.0,2234, 5 ,2,, Single Family ,"$ 16,854",Cape Cod,0.13,1941,Glen Head,Nassau,3539467,139486
3500000.0,5747, 5 ,6,1, Single Family ,"$ 39,035",Colonial,3.91,1954,Glen Head,Nassau,3538436,139486
719000.0,1279, 3 ,2,, Single Family ,"$ 12,842",Ranch,0.16,1973,Glen Head,Nassau,3538015,139486
879000.0,7200, 3 ,2,, Single Family ,"$ 11,409",Cape Cod,0.17,1951,Glen Head,Nassau,3537756,139486
649990.0,1340, 2 ,2,, Single Family ,"$ 11,046",Exp Cape,0.14,1941,Glen Head,Nassau,3536522,139486
899000.0,10000, 3 ,1,1, Single Family ,"$ 14,308",Colonial,0.23,1938,Glen Head,Nassau,3536156,139486
629000.0,960, 3 ,1,, Single Family ,"$ 11,253",Ranch,0.16,1956,Glen Head,Nassau,3535599,139486
1599000.0,9239, 5 ,3,, Single Family ,$ 0,Colonial,0.21,2024,Glen Head,Nassau,3535145,139486
3700000.0,5000, 5 ,3,1, Single Family ,"$ 30,432",Contemporary,2.06,1981,Glen Head,Nassau,3532559,139486
935000.0,9600, 4 ,2,, Single Family ,"$ 14,045",Tudor,0.22,1928,Glen Head,Nassau,3526344,139486
649000.0,5766, 3 ,1,1, Single Family ,"$ 13,035",Split Level,0.13,1954,Massapequa,Nassau,3546739,109697
749000.0,6076, 3 ,2,1, Single Family ,"$ 15,585",Colonial,0.14,1953,Massapequa,Nassau,3546821,109697
749000.0,1706, 3 ,3,, Single Family ,"$ 14,141",Split Level,0.16,1954,Massapequa,Nassau,3545505,109697
687000.0,8550, 3 ,2,, Single Family ,"$ 16,250",Split Level,0.2,1954,Massapequa,Nassau,3543334,109697
649000.0,1016, 3 ,1,, Single Family ,"$ 12,758",Ranch,0.14,1953,Massapequa,Nassau,3544960,109697
589000.0,5400, 3 ,1,, Single Family ,"$ 12,035",Ranch,0.12,1954,Massapequa,Nassau,3544663,109697
699000.0,1556, 3 ,2,1, Single Family ,"$ 9,964",Exp Cape,0.11,1947,Massapequa,Nassau,3544124,109697
629999.0,10000, 3 ,1,1, Single Family ,"$ 12,973",Colonial,0.23,1953,Massapequa,Nassau,3543668,109697
629990.0,6000, 3 ,2,, Single Family ,"$ 13,277",Ranch,0.14,1953,Massapequa,Nassau,3543780,109697
774500.0,1760, 4 ,2,, Single Family ,"$ 11,614",Hi Ranch,0.16,1962,Massapequa,Nassau,3542439,109697
574990.0,1850, 4 ,2,, Single Family ,"$ 15,044",Hi Ranch,0.3,1962,Massapequa,Nassau,3542517,109697
629000.0,1687, 4 ,2,, Single Family ,"$ 17,602",Exp Cape,0.14,1953,Massapequa,Nassau,3542077,109697
759000.0,7000, 3 ,2,, Single Family ,"$ 14,395",Split Level,0.16,1956,Massapequa,Nassau,3539813,109697
749999.0,7000, 4 ,2,1, Single Family ,"$ 17,260",Split Level,0.16,1956,Massapequa,Nassau,3542373,109697
649000.0,2000, 4 ,3,, Single Family ,"$ 17,461",Split Level,0.16,1954,Massapequa,Nassau,3537291,109697
699000.0,7000, 4 ,2,, Single Family ,"$ 15,561",Hi Ranch,0.16,1962,Massapequa,Nassau,3538361,109697
838000.0,7500, 4 ,2,, Single Family ,"$ 14,977",Split Level,0.17,1954,Massapequa,Nassau,3538737,109697
739000.0,8385, 4 ,2,, Single Family ,"$ 14,916",Split Level,0.19,1956,Massapequa,Nassau,3539389,109697
689000.0,8000, 3 ,2,, Single Family ,"$ 15,767",Cape Cod,0.18,1962,Massapequa,Nassau,3536210,109697
699000.0,10000, 4 ,3,, Single Family ,"$ 14,497",Split Level,0.23,1962,Massapequa,Nassau,3537991,109697
739000.0,7000, 4 ,1,1, Single Family ,"$ 14,644",Split Level,0.16,1956,Massapequa,Nassau,3536867,109697
799000.0,2029, 4 ,2,, Single Family ,"$ 5,791",Colonial,0.14,2020,Massapequa,Nassau,3536002,109697
659000.0,7000, 4 ,2,, Single Family ,"$ 14,275",Cape Cod,0.16,1956,Massapequa,Nassau,3534389,109697
829000.0,8400, 3 ,1,1, Single Family ,"$ 14,267",Exp Ranch,0.19,1958,Massapequa,Nassau,3533971,109697
580000.0,1750, 3 ,1,2, Single Family ,"$ 10,088",Raised Ranch,0.19,1966,Massapequa,Nassau,3532836,109697
1328000.0,2900, 4 ,3,, Single Family ,"$ 7,399",Colonial,0.14,2024,Massapequa,Nassau,3531760,109697
585000.0,6000, 4 ,3,, Single Family ,"$ 15,040",Exp Cape,0.14,1954,Massapequa,Nassau,3531550,109697
1249000.0,2900, 4 ,2,1, Single Family ,$ 0,Colonial,0.16,2024,Massapequa,Nassau,3530726,109697
699000.0,7000, 4 ,1,1, Single Family ,"$ 12,844",Hi Ranch,0.16,1960,Massapequa,Nassau,3530853,109697
749777.0,1300, 4 ,2,, Single Family ,"$ 13,705",Cape Cod,0.16,1954,Massapequa,Nassau,3530884,109697
1500000.0,26000, Studio ,,, Commercial ,"$ 53,983",,0.6,1953,Massapequa,Nassau,3527346,109697
899000.0,6800, 4 ,3,1, Single Family ,"$ 17,432",Colonial,0.16,1954,Massapequa,Nassau,3525026,109697
1149000.0,6175, 4 ,2,1, Single Family ,"$ 13,611",Colonial,0.14,1954,Massapequa,Nassau,3524769,109697
799000.0,1722, 3 ,3,, Single Family ,"$ 19,740",Split Level,0.17,1954,Massapequa,Nassau,3524233,109697
899000.0,2068, 4 ,3,, Single Family ,"$ 16,571",Split Level,0.18,1956,Massapequa,Nassau,3522988,109697
699999.0,1571, 3 ,2,, Single Family ,"$ 15,991",Exp Ranch,0.14,1953,Massapequa,Nassau,3523301,109697
589999.0,7000, 4 ,1,1, Single Family ,"$ 14,436",Exp Cape,0.16,1956,Massapequa,Nassau,3520847,109697
750000.0,2600, 6 ,2,, Single Family ,"$ 16,293",Split Level,0.14,1954,Massapequa,Nassau,3520423,109697
650000.0,7334, Studio ,,, Commercial ,"$ 31,002",,0.17,1946,Massapequa,Nassau,3520394,109697
649000.0,6500, 3 ,2,, Single Family ,"$ 11,418",Cape Cod,0.15,1953,Seaford,Nassau,3518282,116467
599000.0,1767, 3 ,1,, Single Family ,"$ 13,021",Cape Cod,0.17,1956,Massapequa,Nassau,3515840,109697
1138888.0,7000, 4 ,2,1, Single Family ,"$ 12,000",Colonial,0.16,2023,Massapequa,Nassau,3511423,109697
549000.0,4900, 3 ,2,, Single Family ,"$ 9,295",Ranch,0.11,1950,Massapequa,Nassau,3509933,109697
449000.0,4900, 3 ,1,, Single Family ,"$ 10,764",Ranch,0.11,1950,Massapequa,Nassau,3507016,109697
650000.0,8000, 4 ,1,1, Single Family ,"$ 16,258",Colonial,0.18,1938,Massapequa,Nassau,3508241,109697
9595000.0,24219, Studio ,,, Commercial ,"$ 146,973",,0.56,1966,Massapequa,Nassau,3498455,109697
2850000.0,9929, Studio ,,, Commercial ,"$ 90,244",,0.23,1969,Massapequa,Nassau,3490510,109697
190000.0,19628, Studio ,,, Commercial ,$ 0,,0.45,,Massapequa,Nassau,3477282,109697
899000.0,1983, 4 ,2,1, Single Family ,"$ 13,716",Split Level,0.16,1955,Merrick,Nassau,3544920,132835
799990.0,7807, 5 ,2,, Single Family ,"$ 15,572",Split Level,0.18,1955,Merrick,Nassau,3545406,132835
789000.0,1948, 4 ,2,1, Single Family ,"$ 13,302",Colonial,0.18,1949,Merrick,Nassau,3543783,132835
788800.0,2028, 4 ,2,, Single Family ,"$ 16,289",Colonial,0.11,1990,Merrick,Nassau,3543695,132835
629000.0,1749, 5 ,2,, Single Family ,"$ 13,325",Exp Cape,0.15,1949,Merrick,Nassau,3543818,132835
1399000.0,3400, 4 ,2,1, Single Family ,"$ 15,586",Colonial,0.24,2024,Merrick,Nassau,3543730,132835
1528000.0,6875, 5 ,3,, Single Family ,$ 0,Colonial,0.16,2024,Merrick,Nassau,3541928,132835
950000.0,1658, 4 ,1,1, Single Family ,"$ 15,887",Hi Ranch,0.28,1965,Merrick,Nassau,3541929,132835
929999.0,2346, 4 ,2,, Single Family ,"$ 17,084",Colonial,0.18,1948,Merrick,Nassau,3542018,132835
775000.0,6200, 4 ,2,, Single Family ,"$ 13,586",Exp Cape,0.14,1949,Merrick,Nassau,3541607,132835
889000.0,9375, 4 ,2,, Single Family ,"$ 16,595",Colonial,0.22,1957,Merrick,Nassau,3541735,132835
699999.0,1470, 3 ,1,1, Single Family ,"$ 11,423",Colonial,0.14,1948,Merrick,Nassau,3541313,132835
739000.0,1436, 3 ,2,, Single Family ,"$ 13,820",Exp Cape,0.16,1950,Merrick,Nassau,3539454,132835
550000.0,1142, 4 ,2,, Single Family ,"$ 11,513",Cape Cod,0.11,1947,Merrick,Nassau,3539250,132835
1699999.0,5500, 5 ,5,, Single Family ,"$ 11,956",Colonial,0.17,2024,Merrick,Nassau,3538775,132835
1528000.0,9450, 5 ,3,1, Single Family ,"$ 12,735",Colonial,0.22,2023,Merrick,Nassau,3537985,132835
899999.0,2414, 5 ,2,1, Single Family ,"$ 18,245",Colonial,0.14,2003,Merrick,Nassau,3538004,132835
1199999.0,2550, 3 ,3,, Single Family ,"$ 15,695",Colonial,0.16,1949,Merrick,Nassau,3538163,132835
1389000.0,3000, 4 ,2,1, Single Family ,$ 0,Colonial,0.14,2023,Merrick,Nassau,3537809,132835
674999.0,4750, 4 ,3,, Single Family ,"$ 12,683",Cape Cod,0.11,1949,Merrick,Nassau,3536833,132835
675000.0,1137, 3 ,2,, Single Family ,"$ 14,300",Ranch,0.18,1951,Merrick,Nassau,3536362,132835
699999.0,6000, 4 ,2,, Single Family ,"$ 12,412",Exp Cape,0.14,1951,Merrick,Nassau,3535909,132835
835000.0,1724, 4 ,2,, Single Family ,"$ 13,988",Colonial,0.22,1949,Merrick,Nassau,3535182,132835
1385000.0,7500, 4 ,2,1, Single Family ,"$ 14,000",Colonial,0.17,2024,Merrick,Nassau,3533671,132835
1385000.0,7500, 4 ,1,1, Single Family ,"$ 14,000",Colonial,0.17,2024,Merrick,Nassau,3533675,132835
775000.0,5520, 5 ,1,1, Single Family ,"$ 12,204",Colonial,0.13,1949,Merrick,Nassau,3541616,132835
775000.0,1550, 3 ,2,1, Single Family ,"$ 12,097",Colonial,0.17,1948,Merrick,Nassau,3530664,132835
639000.0,1190, 4 ,2,, Single Family ,"$ 13,602",Cape Cod,0.14,1949,Merrick,Nassau,3525985,132835
599999.0,1200, 2 ,2,, Single Family ,"$ 11,338",Cape Cod,0.11,1950,Merrick,Nassau,3527067,132835
265000.0,5650, 4 ,2,, Single Family ,"$ 10,608",Exp Cape,0.13,1949,Merrick,Nassau,3520931,132835
1389000.0,3000, 4 ,2,1, Single Family ,"$ 9,046",Colonial,0.14,2023,Merrick,Nassau,3519938,132835
1189000.0,9270, 5 ,3,, Single Family ,"$ 17,208",Colonial,0.21,1953,Merrick,Nassau,3517126,132835
825000.0,1569, 4 ,2,, Single Family ,"$ 13,173",Ranch,0.18,1953,Merrick,Nassau,H6278469,132835
1385000.0,3100, 4 ,2,1, Single Family ,"$ 14,000",Colonial,0.17,2023,Merrick,Nassau,3499186,132835
859000.0,2400, 3 ,2,, Single Family ,"$ 15,735",Farm Ranch,0.22,1914,Merrick,Nassau,3484941,132835
585000.0,1480, 2 ,2,, Condo ,"$ 10,961",Townhouse,3.25,2011,Valley Stream,Nassau,3547162,82417
475000.0,941, 2 ,2,, Condo ,"$ 8,102",Garden Apartment,4.32,2009,Valley Stream,Nassau,3547173,82417
950000.0,2400, 6 ,3,, Single Family ,"$ 15,300",Colonial,0.2,1948,Elmont,Nassau,3545564,92285
599999.0,1400, 4 ,1,, Single Family ,"$ 11,125",Cape Cod,0.09,1942,Elmont,Nassau,3547090,92285
899000.0,2200, 5 ,4,, Single Family ,"$ 14,000",Colonial,0.17,1938,Valley Stream,Nassau,3544731,82417
1079000.0,1900, 4 ,4,, Single Family ,"$ 2,300",Hi Ranch,0.09,2024,Rosedale,Queens,3544447,84261
852888.0,2582, 6 ,3,, Single Family ,"$ 12,498",Exp Cape,0.16,1949,Valley Stream,Nassau,3544037,82417
225000.0,550, 1 ,1,, Co-Op ,$ 0,Garden Apartment,,1959,Valley Stream,Nassau,3541058,82417
600000.0,1229, 4 ,2,, Single Family ,"$ 13,718",Cape Cod,0.16,1950,Valley Stream,Nassau,3539686,82417
759000.0,1168, 3 ,2,, Single Family ,"$ 11,425",Exp Ranch,0.17,1951,Elmont,Nassau,3539638,92285
768000.0,1585, 4 ,2,, Single Family ,"$ 10,968",Ranch,0.14,1949,Valley Stream,Nassau,3538202,82417
545000.0,1109, 4 ,1,, Single Family ,"$ 11,190",Cape Cod,0.12,1950,Valley Stream,Nassau,3533474,82417
499999.0,217449, 2 ,2,, Condo ,"$ 7,997",Garden Apartment,4.99,2011,Valley Stream,Nassau,3536200,82417
769000.0,6200, 4 ,2,, Single Family ,"$ 10,244",Cape Cod,0.14,1948,Elmont,Nassau,3535824,92285
899000.0,1798, 4 ,2,, Single Family ,"$ 12,458",Cape Cod,0.13,1941,Valley Stream,Nassau,3534269,82417
625000.0,4300, 3 ,1,1, Single Family ,"$ 9,786",Cape Cod,0.1,1941,Valley Stream,Nassau,3534608,82417
624999.0,975, 3 ,2,, Single Family ,"$ 10,817",Ranch,0.15,1954,Valley Stream,Nassau,3533337,82417
739999.0,4000, 4 ,2,, Single Family ,"$ 12,460",Hi Ranch,0.09,1967,Valley Stream,Nassau,3532947,82417
454899.0,941, 2 ,2,, Condo ,"$ 7,981",Garden Apartment,3.25,2011,Valley Stream,Nassau,3530950,82417
715000.0,1225, 4 ,2,, Single Family ,"$ 10,676",Cape Cod,0.13,1948,Valley Stream,Nassau,3531695,82417
589000.0,5082, 2 ,2,5, Single Family ,"$ 4,660",Colonial,0.12,1925,Jamaica,Queens,3528821,0
749000.0,5400, 4 ,2,, Single Family ,"$ 12,249",Cape Cod,0.12,1949,Valley Stream,Nassau,3531374,82417
649000.0,1353, 3 ,2,, Single Family ,"$ 10,204",Ranch,0.16,1950,Valley Stream,Nassau,3531573,82417
285000.0,750, 2 ,1,, Co-Op ,$ 0,Garden Apartment,,1950,Valley Stream,Nassau,3529962,82417
1150000.0,2320, 6 ,2,, Multi-Family ,"$ 15,511",Duplex,0.14,1971,Valley Stream,Nassau,3528975,82417
775000.0,1575, 4 ,1,, Single Family ,"$ 6,422",Cape Cod,0.09,1955,Rosedale,Queens,3528364,84261
285000.0,750, 2 ,1,, Co-Op ,$ 0,Garden Apartment,,1950,Valley Stream,Nassau,3528043,82417
499000.0,941, 2 ,2,, Condo ,"$ 8,300",Townhouse,,2011,Valley Stream,Nassau,3527496,82417
265000.0,600, 1 ,1,, Co-Op ,$ 0,Garden Apartment,,1970,Valley Stream,Nassau,3525741,82417
669888.0,1468, 3 ,2,1, Single Family ,"$ 11,885",Ranch,0.14,1953,Valley Stream,Nassau,3519540,82417
799999.0,8800, 4 ,2,, Single Family ,"$ 10,100",Cape Cod,0.2,1952,Elmont,Nassau,3513409,92285
2000000.0,8052, Studio ,,, Commercial ,$ 0,,0.18,,Valley Stream,Nassau,3512478,82417
400000.0,5600, 4 ,3,, Single Family ,"$ 6,800",Cape Cod,0.13,1948,Valley Stream,Nassau,3511898,82417
779000.0,2174, 3 ,1,1, Single Family ,"$ 13,832",Tudor,0.16,1949,Valley Stream,Nassau,3508958,82417
1900000.0,10000, Studio ,,, Commercial ,"$ 38,000",,0.23,1964,Elmont,Nassau,3508756,92285
245000.0,700, 1 ,1,, Co-Op ,$ 619,Garden Apartment,,1960,North Valley Stream,Nassau,3507456,95374
699000.0,1776, 4 ,2,, Single Family ,"$ 15,478",Exp Cape,0.14,1943,Valley Stream,Nassau,3505592,82417
659000.0,1185, 3 ,3,, Single Family ,"$ 13,272",Cape Cod,0.11,1946,Elmont,Nassau,3504819,92285
789999.0,6240, 4 ,3,, Single Family ,"$ 12,093",Ranch,0.14,1950,Valley Stream,Nassau,3498432,82417
969000.0,6095, 6 ,4,, Single Family ,"$ 14,261",Hi Ranch,0.14,1985,Valley Stream,Nassau,3487102,82417
669999.0,5916, 4 ,1,, Single Family ,"$ 10,204",Ranch,0.14,1951,Valley Stream,Nassau,3469556,82417
1174999.0,6300, 7 ,3,, Single Family ,"$ 15,394",Colonial,0.14,1950,Valley Stream,Nassau,3464302,82417
1029000.0,3000, 4 ,3,, Single Family ,"$ 21,038",Colonial,0.17,2006,Valley Stream,Nassau,3453396,82417
525000.0,4000, 3 ,2,, Single Family ,"$ 5,576",Cape Cod,0.09,1955,Rosedale,Queens,3436379,84261
299000.0,1158, 3 ,1,1, Single Family ,"$ 12,601",Ranch,0.16,1950,Valley Stream,Nassau,3428698,82417
669000.0,1109, 3 ,2,, Single Family ,"$ 11,369",Cape Cod,0.19,1948,Valley Stream,Nassau,3398475,82417
1699999.0,8778, Studio ,,, Commercial ,"$ 47,216",,0.2,1950,Valley Stream,Nassau,3391364,82417
599000.0,1216, 3 ,1,, Single Family ,"$ 10,063",Cape Cod,0.19,1951,Wantagh,Nassau,3545681,118171
689000.0,1387, 3 ,1,1, Single Family ,"$ 13,804",Split Level,0.14,1956,Seaford,Nassau,3545221,116467
759000.0,6840, 5 ,3,, Single Family ,"$ 14,649",Colonial,0.16,1951,Wantagh,Nassau,3540729,118171
649999.0,6000, 4 ,2,, Single Family ,"$ 14,403",Exp Ranch,0.14,1950,Wantagh,Nassau,3540375,118171
669000.0,6256, 3 ,1,, Single Family ,"$ 13,372",Ranch,0.14,1953,Wantagh,Nassau,3539665,118171
899000.0,2576, 6 ,4,, Single Family ,"$ 16,798",Colonial,0.14,1953,Wantagh,Nassau,3539308,118171
625000.0,6000, 3 ,1,, Single Family ,"$ 13,239",Ranch,0.14,1953,Wantagh,Nassau,3538753,118171
519000.0,6000, 4 ,1,1, Single Family ,"$ 13,900",Exp Cape,0.14,1948,Wantagh,Nassau,3538968,118171
559000.0,5096, 4 ,1,1, Single Family ,"$ 9,799",Cape Cod,0.12,1939,Wantagh,Nassau,3536357,118171
649000.0,1817, 4 ,2,, Single Family ,"$ 13,292",Exp Ranch,0.16,1948,Wantagh,Nassau,3533395,118171
625000.0,1257, 4 ,1,, Single Family ,"$ 14,106",Ranch,0.14,1948,Wantagh,Nassau,3534488,118171
675000.0,1668, 3 ,2,1, Single Family ,"$ 14,030",Split Level,0.16,1954,Seaford,Nassau,3532544,116467
649000.0,6100, 5 ,2,, Single Family ,"$ 14,937",Cape Cod,0.14,1951,Wantagh,Nassau,3531319,118171
674999.0,7259, 2 ,1,, Single Family ,"$ 11,970",Ranch,0.17,1955,Wantagh,Nassau,3524571,118171
699000.0,2170, 5 ,3,, Single Family ,"$ 17,405",Exp Cape,0.23,1948,Wantagh,Nassau,3524037,118171
599000.0,1744, 4 ,2,, Single Family ,"$ 13,324",Exp Cape,0.14,1951,Wantagh,Nassau,3521119,118171
839000.0,2297, 5 ,3,, Single Family ,"$ 18,223",Split Level,0.14,1969,Seaford,Nassau,3506790,116467
599999.0,6000, 4 ,2,, Single Family ,"$ 19,654",Exp Ranch,0.14,1948,Wantagh,Nassau,3496644,118171
550000.0,2041, 5 ,2,, Single Family ,"$ 16,178",Split Level,0.17,1954,Seaford,Nassau,3488507,116467
699000.0,6840, 5 ,2,1, Single Family ,"$ 16,285",Split Level,0.16,1954,Wantagh,Nassau,3470294,118171
599000.0,1216, 3 ,1,, Single Family ,"$ 10,063",Cape Cod,0.19,1951,Wantagh,Nassau,3545681,118171
689000.0,1387, 3 ,1,1, Single Family ,"$ 13,804",Split Level,0.14,1956,Seaford,Nassau,3545221,116467
759000.0,6840, 5 ,3,, Single Family ,"$ 14,649",Colonial,0.16,1951,Wantagh,Nassau,3540729,118171
649999.0,6000, 4 ,2,, Single Family ,"$ 14,403",Exp Ranch,0.14,1950,Wantagh,Nassau,3540375,118171
669000.0,6256, 3 ,1,, Single Family ,"$ 13,372",Ranch,0.14,1953,Wantagh,Nassau,3539665,118171
899000.0,2576, 6 ,4,, Single Family ,"$ 16,798",Colonial,0.14,1953,Wantagh,Nassau,3539308,118171
625000.0,6000, 3 ,1,, Single Family ,"$ 13,239",Ranch,0.14,1953,Wantagh,Nassau,3538753,118171
519000.0,6000, 4 ,1,1, Single Family ,"$ 13,900",Exp Cape,0.14,1948,Wantagh,Nassau,3538968,118171
559000.0,5096, 4 ,1,1, Single Family ,"$ 9,799",Cape Cod,0.12,1939,Wantagh,Nassau,3536357,118171
649000.0,1817, 4 ,2,, Single Family ,"$ 13,292",Exp Ranch,0.16,1948,Wantagh,Nassau,3533395,118171
625000.0,1257, 4 ,1,, Single Family ,"$ 14,106",Ranch,0.14,1948,Wantagh,Nassau,3534488,118171
675000.0,1668, 3 ,2,1, Single Family ,"$ 14,030",Split Level,0.16,1954,Seaford,Nassau,3532544,116467
649000.0,6100, 5 ,2,, Single Family ,"$ 14,937",Cape Cod,0.14,1951,Wantagh,Nassau,3531319,118171
674999.0,7259, 2 ,1,, Single Family ,"$ 11,970",Ranch,0.17,1955,Wantagh,Nassau,3524571,118171
699000.0,2170, 5 ,3,, Single Family ,"$ 17,405",Exp Cape,0.23,1948,Wantagh,Nassau,3524037,118171
599000.0,1744, 4 ,2,, Single Family ,"$ 13,324",Exp Cape,0.14,1951,Wantagh,Nassau,3521119,118171
839000.0,2297, 5 ,3,, Single Family ,"$ 18,223",Split Level,0.14,1969,Seaford,Nassau,3506790,116467
599999.0,6000, 4 ,2,, Single Family ,"$ 19,654",Exp Ranch,0.14,1948,Wantagh,Nassau,3496644,118171
550000.0,2041, 5 ,2,, Single Family ,"$ 16,178",Split Level,0.17,1954,Seaford,Nassau,3488507,116467
699000.0,6840, 5 ,2,1, Single Family ,"$ 16,285",Split Level,0.16,1954,Wantagh,Nassau,3470294,118171
879000.0,2188, 5 ,3,, Single Family ,"$ 15,861",Colonial,0.09,1938,New Hyde Park,Nassau,3546141,99037
750000.0,1160, 3 ,2,, Single Family ,"$ 9,500",Ranch,0.14,1952,Floral Park,Nassau,3547267,102922
828000.0,5210, 3 ,2,, Single Family ,"$ 11,402",Cape Cod,0.12,1938,New Hyde Park,Nassau,3547020,99037
875888.0,6000, 4 ,2,, Single Family ,"$ 13,723",Cape Cod,0.14,1941,New Hyde Park,Nassau,3545230,99037
1099000.0,1800, 4 ,2,1, Single Family ,"$ 14,466",Colonial,0.11,1949,New Hyde Park,Nassau,H6300147,99037
1250000.0,5750, 4 ,3,, Single Family ,"$ 15,765",Colonial,0.13,1940,New Hyde Park,Nassau,3545872,99037
1659888.0,3434, 5 ,4,, Single Family ,"$ 16,728",Colonial,0.114784,2005,New Hyde Park,Nassau,481389,99037
749999.0,1260, 4 ,1,1, Single Family ,"$ 13,245",Cape Cod,0.09,1953,Floral Park,Nassau,3543514,102922
1088000.0,5600, 4 ,2,1, Single Family ,"$ 15,070",Colonial,0.13,1948,New Hyde Park,Nassau,3543538,99037
1288888.0,2768, 4 ,4,, Single Family ,"$ 17,272",Colonial,0.14,1941,New Hyde Park,Nassau,3543572,99037
750000.0,104408, Studio ,,, Commercial ,"$ 16,597",,2.4,,New Hyde Park,Nassau,3542544,99037
999000.0,1167, 3 ,2,, Single Family ,"$ 12,631",Exp Ranch,0.14,1949,New Hyde Park,Nassau,3542475,99037
879000.0,1475, 4 ,2,, Single Family ,"$ 14,339",Cape Cod,0.09,1938,New Hyde Park,Nassau,3540977,99037
799000.0,4000, 3 ,3,, Single Family ,"$ 11,538",Colonial,0.09,1920,Floral Park,Nassau,3539491,102922
1688000.0,3320, Studio ,,, Commercial ,"$ 30,596",,0.08,1937,Floral Park,Nassau,3538036,102922
1249000.0,2041, 3 ,2,1, Single Family ,"$ 14,306",Colonial,0.15,1950,New Hyde Park,Nassau,3537947,99037
850000.0,6090, 3 ,2,1, Single Family ,"$ 14,196",Cape Cod,0.14,1941,New Hyde Park,Nassau,3542500,99037
1099000.0,1478, 3 ,1,, Single Family ,"$ 12,290",Exp Cape,0.14,1950,New Hyde Park,Nassau,3533563,99037
949000.0,1382, 4 ,2,, Single Family ,"$ 12,523",Exp Cape,0.15,1951,New Hyde Park,Nassau,3534745,99037
775888.0,7345, 4 ,2,, Single Family ,"$ 11,131",Cape Cod,0.17,1940,New Hyde Park,Nassau,3534314,99037
748888.0,1428, 3 ,2,, Single Family ,"$ 10,789",Colonial,0.07,1923,New Hyde Park,Nassau,3532919,99037
835000.0,4000, 4 ,2,, Single Family ,"$ 14,210",Cape Cod,0.09,1951,New Hyde Park,Nassau,3531756,99037
870000.0,6324, 4 ,2,1, Single Family ,"$ 15,338",Cape Cod,0.15,1943,New Hyde Park,Nassau,3531524,99037
789000.0,4000, 6 ,2,, Single Family ,"$ 13,818",Colonial,0.09,1923,Floral Park,Nassau,3530797,102922
229000.0,104408, Studio ,,, Commercial ,"$ 25,000",,2.4,1981,New Hyde Park,Nassau,3530893,99037
1200000.0,1826, 4 ,2,1, Single Family ,"$ 14,200",Colonial,0.17,1952,New Hyde Park,Nassau,3528926,99037
768000.0,5200, 3 ,2,, Single Family ,"$ 12,865",Cape Cod,0.12,1943,New Hyde Park,Nassau,3527680,99037
775000.0,4000, 3 ,1,1, Single Family ,"$ 11,271",Cape Cod,0.09,1952,New Hyde Park,Nassau,3526746,99037
800000.0,1449, 4 ,2,, Single Family ,"$ 11,309",Cape Cod,0.14,1941,New Hyde Park,Nassau,3526266,99037
1899999.0,12894, Studio ,,, Commercial ,"$ 31,947",,0.3,1947,New Hyde Park,Nassau,3516944,99037
549000.0,935, 3 ,1,, Single Family ,"$ 11,560",Cape Cod,0.09,1938,New Hyde Park,Nassau,3511267,99037
750000.0,1700, 4 ,2,, Single Family ,"$ 13,019",Cape Cod,0.09,1955,Floral Park,Nassau,3508012,102922
1099000.0,6600, 3 ,2,, Single Family ,"$ 14,887",Cape Cod,0.15,1941,New Hyde Park,Nassau,3503210,99037
729000.0,5244, 3 ,2,, Single Family ,"$ 12,018",Cape Cod,0.12,1946,New Hyde Park,Nassau,3495875,99037
949000.0,5000, 5 ,3,, Single Family ,"$ 14,206",Exp Cape,0.11,1940,New Hyde Park,Nassau,3492389,99037
650000.0,1119, 3 ,2,, Single Family ,"$ 11,773",Ranch,0.09,1953,New Hyde Park,Nassau,3448468,99037
2300000.0,4800, Studio ,,, Commercial ,$ 0,,0.11,,New Hyde Park,Nassau,3445083,99037
3199000.0,136500, 5 ,4,2, Single Family ,"$ 46,515",Contemporary,3.13,1957,Port Washington,Nassau,3546354,119164
1600000.0,3100, 4 ,3,3, Single Family ,"$ 22,827",Contemporary,0.22,1994,Port Washington,Nassau,3547100,119164
949990.0,1650, 4 ,2,, Single Family ,"$ 18,784",Exp Cape,0.18,1953,Port Washington,Nassau,3547257,119164
749000.0,8250, 4 ,2,, Single Family ,"$ 15,629",Cape Cod,0.19,1949,Port Washington,Nassau,3546728,119164
1350000.0,2320, 4 ,2,1, Single Family ,"$ 22,285",Colonial,0.18,1973,Port Washington,Nassau,3546738,119164
929000.0,4060, 3 ,1,1, Single Family ,"$ 12,677",Colonial,0.09,1923,Port Washington,Nassau,3546999,119164
1150000.0,1550, 4 ,2,, Multi-Family ,"$ 14,108",Duplex,0.09,1963,Port Washington,Nassau,3545145,119164
2250000.0,52272, Studio ,,, Lots and Land ,$ 0,,1.2,,Port Washington,Nassau,3546589,119164
1485000.0,1377614, 4 ,3,, Condo ,"$ 19,499",Townhouse,31.63,2004,Port Washington,Nassau,3546329,119164
1248000.0,9750, 4 ,2,, Single Family ,"$ 17,946",Cape Cod,0.22,1943,Port Washington,Nassau,3545685,119164
1799000.0,2392, 3 ,2,1, Single Family ,"$ 28,711",Colonial,0.29,1938,Port Washington,Nassau,3545217,119164
725000.0,1384, 2 ,2,, Condo ,"$ 11,568",Garden Apartment,31.63,2004,Port Washington,Nassau,3544971,119164
1925000.0,6000, 4 ,3,1, Single Family ,"$ 22,775",Colonial,0.14,1965,Port Washington,Nassau,3545090,119164
1199988.0,4653, 3 ,2,, Single Family ,"$ 11,727",Colonial,0.11,1928,Port Washington,Nassau,3544828,119164
2750000.0,15146, 4 ,3,1, Single Family ,"$ 29,325",Colonial,0.35,2010,Port Washington,Nassau,3543864,119164
925000.0,4000, 3 ,1,1, Single Family ,"$ 14,351",Colonial,0.09,1928,Port Washington,Nassau,3543506,119164
1949000.0,11265, 5 ,3,, Single Family ,"$ 31,057",Colonial,0.26,1924,Port Washington,Nassau,3543540,119164
1159000.0,2015, 4 ,3,, Single Family ,"$ 19,742",Hi Ranch,0.14,1963,Port Washington,Nassau,3543566,119164
1189000.0,6000, 3 ,1,1, Single Family ,"$ 20,649",Colonial,0.14,1927,Port Washington,Nassau,3543613,119164
749000.0,9450, 3 ,1,, Single Family ,"$ 14,281",Two Story,0.22,1908,Port Washington,Nassau,3540503,119164
1200000.0,2500, 3 ,3,, Single Family ,"$ 22,089",Colonial,0.13,1913,Port Washington,Nassau,3543194,119164
1099000.0,6000, 4 ,3,, Multi-Family ,"$ 15,374",Colonial,0.14,1961,Port Washington,Nassau,3543324,119164
989000.0,6000, 3 ,2,, Single Family ,"$ 17,830",Split Level,0.14,1951,Port Washington,Nassau,3543444,119164
2400000.0,2895, 6 ,4,1, Single Family ,"$ 28,595",Colonial,0.33,1918,Port Washington,Nassau,H6294451,119164
1599000.0,3773, 4 ,3,, Single Family ,"$ 17,308",Colonial,0.21,1928,Port Washington,Nassau,3542885,119164
859000.0,7000, 3 ,2,, Single Family ,"$ 15,976",Colonial,0.16,1898,Port Washington,Nassau,3542592,119164
1229000.0,2112, 4 ,2,1, Single Family ,"$ 19,630",Colonial,0.18,1969,Port Washington,Nassau,3542188,119164
739000.0,5680, 4 ,2,, Single Family ,"$ 15,515",Colonial,0.13,1938,Port Washington,Nassau,3542203,119164
2200000.0,4800, 6 ,4,1, Single Family ,"$ 29,059",Colonial,0.32,1865,Port Washington,Nassau,3542313,119164
1659000.0,15743, 3 ,3,, Single Family ,"$ 17,031",Split Level,0.36,1958,Port Washington,Nassau,3542079,119164
1500000.0,2954, 6 ,4,2, Multi-Family ,"$ 21,482",Colonial,0.11,2007,Port Washington,Nassau,3541225,119164
1299000.0,1585, 3 ,2,, Single Family ,"$ 17,514",Ranch,0.4,1955,Port Washington,Nassau,3541233,119164
1450000.0,2008, 4 ,3,1, Single Family ,"$ 21,403",Split Level,0.34,1957,Port Washington,Nassau,3540911,119164
959000.0,1920, 4 ,3,, Single Family ,"$ 17,596",Split Level,0.09,1976,Port Washington,Nassau,3540331,119164
799988.0,2200, 6 ,3,, Single Family ,"$ 14,651",Colonial,0.3,1908,Port Washington,Nassau,3540172,119164
2450000.0,4413, 5 ,3,, Single Family ,"$ 15,234",Colonial,0.19,2023,Port Washington,Nassau,3538568,119164
745000.0,6000, 3 ,1,, Single Family ,"$ 10,000",Ranch,0.14,1938,Port Washington,Nassau,3539560,119164
1349000.0,2480, 4 ,2,1, Single Family ,"$ 19,405",Colonial,0.23,1950,Port Washington,Nassau,3539657,119164
2485000.0,3571, 5 ,3,1, Single Family ,"$ 19,448",Colonial,0.21,1928,Port Washington,Nassau,3539762,119164
1525000.0,8550, 4 ,3,, Single Family ,"$ 24,177",Split Level,0.2,1953,Port Washington,Nassau,3539306,119164
749000.0,4000, 3 ,2,, Multi-Family ,"$ 10,096",Ranch,0.09,1956,Port Washington,Nassau,3539237,119164
1149000.0,8400, 3 ,2,, Single Family ,"$ 20,078",Ranch,0.19,1949,Port Washington,Nassau,3538635,119164
1188000.0,2300, 4 ,2,1, Single Family ,"$ 17,290",Colonial,0.18,1922,Port Washington,Nassau,3537053,119164
190000.0,900, 2 ,2,, Single Family ,"$ 3,000",Houseboat,,1984,Port Washington,Nassau,3538249,119164
799000.0,4600, 3 ,1,1, Single Family ,"$ 14,486",Colonial,0.11,1912,Port Washington,Nassau,3538189,119164
3499000.0,27949, 5 ,5,1, Single Family ,"$ 32,021",Colonial,0.64,1995,Port Washington,Nassau,3537893,119164
1188000.0,12963, 4 ,3,, Single Family ,"$ 21,864",Two Story,0.3,1902,Port Washington,Nassau,3537942,119164
959000.0,1397, 3 ,2,1, Condo ,"$ 4,266",Mid-Rise,,1968,Port Washington,Nassau,3537496,119164
2050000.0,15002, 5 ,4,, Single Family ,"$ 24,965",Tudor,0.34,1925,Port Washington,Nassau,3537517,119164
930000.0,1377614, 2 ,2,, Condo ,"$ 12,526",,31.63,2004,Port Washington,Nassau,3537535,119164
599000.0,5250, 2 ,1,, Single Family ,"$ 9,843",Colonial,0.12,1926,Port Washington,Nassau,3537607,119164
1329000.0,12179, 4 ,2,, Single Family ,"$ 22,170",Colonial,0.28,1935,Port Washington,Nassau,3537295,119164
698000.0,1067, 1 ,1,1, Condo ,"$ 7,422",Mid-Rise,4.61,2004,Port Washington,Nassau,3537038,119164
959000.0,6608, 3 ,2,, Single Family ,"$ 14,905",Cape Cod,0.15,1955,Port Washington,Nassau,3536485,119164
1230000.0,2398, 6 ,4,, Multi-Family ,"$ 18,190",,0.12,2002,Port Washington,Nassau,3536592,119164
1389000.0,5992, 3 ,2,1, Single Family ,"$ 18,594",Colonial,0.14,1931,Port Washington,Nassau,3536158,119164
839000.0,6350, 3 ,2,, Single Family ,"$ 15,811",Colonial,0.15,1910,Port Washington,Nassau,3536246,119164
1399000.0,114233, 2 ,3,1, Condo ,"$ 23,037",Townhouse,2.62,1984,Port Washington,Nassau,3536266,119164
975000.0,5400, 3 ,1,, Single Family ,"$ 14,705",Colonial,0.12,1948,Port Washington,Nassau,3536333,119164
1335000.0,2141, 4 ,3,, Condo ,"$ 17,913",Townhouse,31.63,2004,Port Washington,Nassau,3535968,119164
2099000.0,11073, 5 ,3,1, Single Family ,"$ 27,836",Colonial,0.25,1929,Port Washington,Nassau,3536060,119164
1549000.0,2422, 4 ,2,1, Single Family ,"$ 20,956",Split Level,0.38,1957,Port Washington,Nassau,3535584,119164
225000.0,2600, Studio ,,, Commercial ,$ 0,,0.06,,Port Washington,Nassau,3535374,119164
1395000.0,2717, 3 ,2,1, Townhouse ,"$ 22,375",Townhouse,0.09,2003,Port Washington,Nassau,3535394,119164
748000.0,5000, 3 ,2,1, Single Family ,"$ 17,567",Ranch,0.11,1968,Port Washington,Nassau,3535636,119164
648000.0,4500, 3 ,1,1, Single Family ,"$ 15,453",Ranch,0.1,1989,Port Washington,Nassau,3535637,119164
699000.0,2800, 3 ,1,1, Single Family ,"$ 11,430",Colonial,0.06,1898,Port Washington,Nassau,3533701,119164
640000.0,828, 3 ,1,, Single Family ,"$ 9,583",Cape Cod,0.09,1949,Port Washington,Nassau,3533956,119164
598000.0,4000, Studio ,,, Commercial ,"$ 10,888",,0.09,1915,Port Washington,Nassau,3534960,119164
2075000.0,10000, 4 ,2,1, Single Family ,"$ 31,812",Colonial,0.23,1934,Port Washington,Nassau,3532912,119164
2150000.0,2291, 6 ,4,1, Single Family ,"$ 33,563",Tudor,0.05,1931,Port Washington,Nassau,3534199,119164
1199000.0,5600, 4 ,3,, Single Family ,"$ 14,582",Colonial,0.13,1918,Port Washington,Nassau,3534258,119164
2099000.0,2730, 4 ,3,2, Single Family ,"$ 30,543",Colonial,0.34,1953,Port Washington,Nassau,3533960,119164
1749000.0,6950, 5 ,4,, Single Family ,"$ 27,995",,0.16,1908,Port Washington,Nassau,3533978,119164
999000.0,6450, 3 ,1,1, Single Family ,"$ 17,973",Colonial,0.15,1938,Port Washington,Nassau,3534111,119164
2725000.0,3149, 3 ,3,, Single Family ,"$ 29,488",Exp Ranch,0.73,1949,Port Washington,Nassau,3532122,119164
1249000.0,2250, 6 ,2,, Multi-Family ,"$ 16,657",Duplex,0.09,1969,Port Washington,Nassau,3532212,119164
2375000.0,16614, 4 ,3,1, Single Family ,"$ 27,569",Contemporary,0.38,1979,Port Washington,Nassau,3532333,119164
989000.0,2498, 3 ,3,, Single Family ,"$ 12,901",Colonial,0.13,1938,Port Washington,Nassau,H6289984,119164
1299000.0,2400, 4 ,2,1, Single Family ,"$ 15,714",Colonial,0.13,2006,Port Washington,Nassau,3531792,119164
3249000.0,3507, 4 ,3,2, Single Family ,"$ 30,757",Colonial,0.35,2018,Port Washington,Nassau,3529704,119164
899000.0,4000, 4 ,3,, Multi-Family ,"$ 12,677",Colonial,0.09,1959,Port Washington,Nassau,3529988,119164
2089000.0,19519, 5 ,3,2, Single Family ,"$ 28,243",Colonial,0.45,1948,Port Washington,Nassau,3530629,119164
1249000.0,5500, 4 ,2,1, Single Family ,"$ 21,243",Splanch,0.13,1978,Port Washington,Nassau,3529967,119164
699000.0,4880, Studio ,,, Commercial ,"$ 14,715",,0.11,1948,Port Washington,Nassau,3529027,119164
999000.0,3220, Studio ,,, Commercial ,"$ 3,000",,0.07,,Port Washington,Nassau,3528502,119164
2850000.0,26210, 6 ,3,1, Single Family ,"$ 33,655",Colonial,0.6,1923,Port Washington,Nassau,3526256,119164
3949000.0,20582, Studio ,,, Commercial ,"$ 50,000",,0.47,1957,Port Washington,Nassau,3526142,119164
769000.0,6000, 5 ,2,1, Single Family ,"$ 16,452",Exp Cape,0.14,1953,Port Washington,Nassau,3525812,119164
1099999.0,4000, 6 ,4,2, Multi-Family ,"$ 19,000",Colonial,0.09,1988,Port Washington,Nassau,3525961,119164
1150000.0,1756, 3 ,2,1, Condo ,"$ 11,468",Mid-Rise,,2004,Port Washington,Nassau,3525233,119164
949000.0,6195, 3 ,2,, Single Family ,"$ 13,328",Split Level,0.14,1951,Port Washington,Nassau,3524541,119164
825000.0,1712, 5 ,3,, Multi-Family ,"$ 12,335",,0.11,1949,Port Washington,Nassau,3523775,119164
1025000.0,1420, 2 ,2,1, Condo ,"$ 10,742",Mid-Rise,4.61,2004,Port Washington,Nassau,3522998,119164
749000.0,1640, 4 ,2,, Single Family ,"$ 13,294",Colonial,0.08,1963,Port Washington,Nassau,3518781,119164
3499000.0,38263, 4 ,4,1, Single Family ,"$ 51,170",Tudor,0.88,1925,Port Washington,Nassau,3537722,119164
988000.0,1750, 3 ,2,1, Condo ,"$ 12,184",Mid-Rise,,2004,Port Washington,Nassau,3511976,119164
699000.0,1329, 2 ,2,, Condo ,"$ 12,044",,31.63,2004,Port Washington,Nassau,3511102,119164
1245000.0,1377614, 3 ,2,1, Condo ,"$ 19,531",Townhouse,31.63,2004,Port Washington,Nassau,3509924,119164
325000.0,4000, Studio ,,, Commercial ,$ 0,,0.09,,Port Washington,Nassau,3507293,119164
949000.0,18145, Studio ,,, Lots and Land ,"$ 20,568",,0.42,,Port Washington,Nassau,3500207,119164
949000.0,4000, 4 ,4,2, Multi-Family ,"$ 19,793",Duplex,0.09,1971,Port Washington,Nassau,3497907,119164
699000.0,5000, Studio ,,, Lots and Land ,"$ 2,160",,0.11,,Port Washington,Nassau,3496896,119164
1600000.0,6240, Studio ,,, Commercial ,$ 0,,0.14,,Port Washington,Nassau,3487967,119164
1599000.0,1377614, 3 ,2,1, Condo ,"$ 21,033",Townhouse,31.63,2004,Port Washington,Nassau,3482397,119164
848000.0,4000, 3 ,3,, Single Family ,"$ 10,445",Colonial,0.09,1898,Port Washington,Nassau,3469282,119164
1050000.0,4100, Studio ,,, Commercial ,$ 0,,0.09,,Port Washington,Nassau,3455569,119164
825000.0,5000, Studio ,,, Commercial ,$ 0,,0.11,1985,Port Washington,Nassau,3360882,119164
2195000.0,21205, 4 ,3,1, Single Family ,"$ 27,324",Colonial,0.49,1986,Sea Cliff,Nassau,3546428,117081
1249000.0,2094, 3 ,2,, Single Family ,"$ 24,228",Victorian,0.11,1908,Sea Cliff,Nassau,3545837,117081
1995000.0,43434, 5 ,4,1, Single Family ,"$ 41,688",Colonial,1,1925,Sea Cliff,Nassau,3545113,117081
950000.0,1500, 3 ,2,, Single Family ,"$ 15,604",Two Story,0.1,1950,Sea Cliff,Nassau,3544362,117081
2999000.0,3720, Studio ,,, Commercial ,"$ 37,263",,0.09,1972,Sea Cliff,Nassau,3544397,117081
999000.0,1927, 3 ,2,, Single Family ,"$ 17,790",Colonial,0.24,1927,Sea Cliff,Nassau,3539646,117081
699000.0,777, 1 ,1,, Single Family ,"$ 11,072",Cottage,0.06,1924,Sea Cliff,Nassau,3538013,117081
1349000.0,2142, 3 ,2,, Single Family ,"$ 22,983",Tudor,0.51,1926,Sea Cliff,Nassau,3531076,117081
749000.0,4800, 3 ,1,1, Single Family ,"$ 16,732",Victorian,0.11,1925,Sea Cliff,Nassau,3530225,117081
1999000.0,7160, 3 ,3,, Single Family ,"$ 22,514",Colonial,0.16,1931,Sea Cliff,Nassau,3528164,117081
1299000.0,7505, 4 ,3,1, Single Family ,"$ 23,676",Split Level,0.17,1959,Sea Cliff,Nassau,3524614,117081
2150000.0,4575, 6 ,4,2, Single Family ,"$ 32,910",Estate,0.9,1923,Sea Cliff,Nassau,3523403,117081
1199000.0,5968, 4 ,4,, Multi-Family ,"$ 17,193",Duplex,0.14,1923,Sea Cliff,Nassau,3518330,117081
409000.0,2400, 1 ,1,, Single Family ,"$ 6,648",Bungalow,0.06,1918,Sea Cliff,Nassau,3468157,117081
710000.0,4000, 4 ,2,, Single Family ,"$ 13,082",Cape Cod,0.09,1937,Hewlett,Nassau,3540750,115246
799990.0,5400, 4 ,2,, Single Family ,"$ 13,732",Cape Cod,0.12,1952,Lynbrook,Nassau,3542947,87014
259000.0,1015, 2 ,2,, Co-Op ,$ 0,Garden Apartment,,1961,Hewlett,Nassau,H6298715,115246
668000.0,1575, 4 ,2,, Single Family ,"$ 15,783",Cape Cod,0.14,1940,Hewlett,Nassau,3542344,115246
1249000.0,2700, 4 ,3,1, Single Family ,"$ 21,010",Exp Ranch,0.25,1950,Hewlett,Nassau,3541598,115246
799999.0,6000, 4 ,2,1, Single Family ,"$ 17,890",Cape Cod,0.14,1942,Hewlett,Nassau,3541645,115246
1260000.0,4000, 4 ,2,1, Single Family ,"$ 13,511",,0.09,1921,Hewlett,Nassau,3541725,115246
1298000.0,3000, 4 ,4,, Single Family ,"$ 20,418",Colonial,0.24,1950,Hewlett,Nassau,3541048,115246
949000.0,2600, 5 ,3,, Single Family ,"$ 21,137",Colonial,0.14,1938,Hewlett,Nassau,3540726,115246
1199000.0,3000, 4 ,2,1, Single Family ,"$ 20,232",Colonial,0.17,1983,Hewlett,Nassau,3540727,115246
899000.0,1836, 5 ,2,1, Single Family ,"$ 17,150",Colonial,0.15,1955,Hewlett,Nassau,3539456,115246
1998000.0,10302, Studio ,,, Commercial ,"$ 33,000",,0.24,1960,Hewlett,Nassau,3538972,115246
649000.0,1900, 3 ,3,, Single Family ,"$ 14,833",Exp Cape,0.14,1949,Hewlett,Nassau,3535383,115246
150000.0,3500, Studio ,,, Commercial ,"$ 66,336",,0.08,1923,Hewlett,Nassau,3533124,115246
825000.0,1960, 4 ,3,, Single Family ,"$ 14,088",Colonial,0.13,1924,Hewlett,Nassau,3531359,115246
1398000.0,3489, 5 ,3,, Single Family ,"$ 26,615",Colonial,0.16,1974,Hewlett,Nassau,3530828,115246
865000.0,6200, 3 ,2,, Single Family ,"$ 13,713",Two Story,0.14,1946,Hewlett,Nassau,3529238,115246
729900.0,1179, 3 ,1,1, Single Family ,"$ 13,994",Colonial,0.09,1923,Hewlett,Nassau,3529318,115246
659000.0,1480, 3 ,1,1, Single Family ,"$ 12,650",Colonial,0.11,1927,Lynbrook,Nassau,3524560,87014
530000.0,1482, 4 ,2,, Single Family ,"$ 13,899",Cape Cod,0.15,1950,Hewlett,Nassau,3524068,115246
748000.0,2308, 3 ,2,1, Single Family ,"$ 20,167",Colonial,0.14,1947,Hewlett,Nassau,3523878,115246
619000.0,6000, 4 ,2,, Single Family ,"$ 13,862",Cape Cod,0.14,1950,Hewlett,Nassau,3522911,115246
425000.0,1900, 2 ,2,, Co-Op ,$ 0,Garden Apartment,,1963,Hewlett,Nassau,3518846,115246
649000.0,1650, 2 ,2,, Condo ,"$ 16,767",Mid-Rise,2.34,1974,Hewlett,Nassau,3518858,115246
850000.0,3720, Studio ,,, Commercial ,"$ 17,338",,0.09,1950,Hewlett,Nassau,3518810,115246
145000.0,760, 1 ,1,, Co-Op ,$ 0,Townhouse,,1960,Hewlett,Nassau,3516391,115246
1199000.0,2800, 5 ,3,, Single Family ,"$ 16,375",Contemporary,0.21,1972,Hewlett,Nassau,3515024,115246
995000.0,7200, 3 ,2,, Single Family ,"$ 19,164",Exp Ranch,0.17,1948,Hewlett,Nassau,3511760,115246
735000.0,2424, 5 ,2,, Single Family ,"$ 16,952",Colonial,0.15,1950,Hewlett,Nassau,3510574,115246
489900.0,1670, 4 ,2,, Single Family ,"$ 15,001",Cape Cod,0.16,1950,Hewlett,Nassau,H6264455,115246
729000.0,1659, 3 ,2,, Single Family ,"$ 15,760",Ranch,0.18,1955,Hewlett,Nassau,3508700,115246
899000.0,8694, 4 ,3,, Single Family ,"$ 19,182",Colonial,0.2,1920,Lynbrook,Nassau,3508400,87014
1498000.0,2986, 6 ,4,, Single Family ,"$ 24,050",Colonial,0.18,1948,Woodmere,Nassau,3499364,138267
624888.0,4000, 4 ,2,, Single Family ,"$ 12,550",Colonial,0.09,1924,Hewlett,Nassau,3496635,115246
449000.0,1490, 2 ,2,, Condo ,"$ 14,415",Mid-Rise,2.34,1974,Hewlett,Nassau,3490317,115246
579000.0,4704, 5 ,2,, Single Family ,"$ 12,725",Exp Cape,0.11,1950,Hewlett,Nassau,3462463,115246
799000.0,2400, 4 ,3,, Single Family ,"$ 9,250",Contemporary,0.06,2017,Island Park,Nassau,3546069,89915
1350000.0,2990, 5 ,3,, Multi-Family ,"$ 14,283",Colonial,0.23,1962,Island Park,Nassau,3545237,89915
649500.0,1791, 3 ,2,, Single Family ,"$ 10,250",Split Level,0.12,1954,Island Park,Nassau,3542455,89915
149000.0,4900, 3 ,1,, Single Family ,"$ 5,239",Ranch,0.11,1939,Island Park,Nassau,3545399,89915
1099000.0,10981, 3 ,1,1, Single Family ,"$ 13,262",Splanch,0.25,1965,Island Park,Nassau,3544627,89915
799000.0,1950, 3 ,3,, Townhouse ,"$ 3,600",Townhouse,0.02,2019,Island Park,Nassau,3543276,89915
930000.0,1678, 2 ,2,1, Condo ,"$ 13,608",Townhouse,12.72,1985,Island Park,Nassau,3542868,89915
625000.0,1560, 3 ,2,, Single Family ,"$ 9,678",Split Level,0.14,1956,Island Park,Nassau,3539743,89915
419000.0,757, 2 ,1,, Single Family ,"$ 6,700",Ranch,0.07,1929,Island Park,Nassau,3540785,89915
539000.0,2000, 2 ,1,1, Single Family ,"$ 6,023",Two Story,0.05,1929,Island Park,Nassau,3540140,89915
899999.0,1700, 3 ,2,1, Condo ,"$ 12,499",Townhouse,12.72,1985,Island Park,Nassau,3539948,89915
659000.0,553976, 2 ,2,1, Condo ,"$ 11,192",Townhouse,12.72,1985,Island Park,Nassau,3539647,89915
719999.0,2042, 4 ,3,, Single Family ,"$ 12,015",Hi Ranch,0.11,2007,Island Park,Nassau,3536809,89915
519000.0,1371, 4 ,2,, Single Family ,"$ 7,385",Colonial,0.09,1950,Island Park,Nassau,3535090,89915
649000.0,1871, 3 ,2,, Single Family ,"$ 10,411",Split Level,0.12,1955,Island Park,Nassau,3534645,89915
999000.0,10800, Studio ,,, Commercial ,"$ 18,768",,0.25,1951,Island Park,Nassau,3531870,89915
999873.0,2500, 5 ,2,1, Multi-Family ,"$ 18,216",Two Story,0.15,1960,Island Park,Nassau,3531158,89915
829871.0,2000, 4 ,2,1, Single Family ,"$ 13,408",Colonial,0.18,2001,Island Park,Nassau,3529517,89915
989000.0,2600, 5 ,2,1, Single Family ,"$ 13,500",Colonial,0.13,2023,Island Park,Nassau,3530491,89915
589000.0,8000, 4 ,3,, Single Family ,"$ 11,466",Bungalow,0.18,1930,Island Park,Nassau,3528858,89915
699000.0,4000, 4 ,2,, Single Family ,"$ 9,741",Hi Ranch,0.09,1966,Island Park,Nassau,3528750,89915
1750000.0,9378, Studio ,,, Lots and Land ,$ 0,,0.25,,Island Park,Nassau,3527155,89915
635000.0,1917, 3 ,2,, Single Family ,"$ 8,639",Hi Ranch,0.09,1965,Island Park,Nassau,3522683,89915
550000.0,3000, 4 ,2,, Single Family ,"$ 9,000",Two Story,0.07,2015,Island Park,Nassau,3520366,89915
1950000.0,18500, Studio ,,, Commercial ,"$ 43,321",,0.42,2013,Island Park,Nassau,3516974,89915
949000.0,8000, 7 ,3,1, Multi-Family ,"$ 14,477",Tri-Level,0.18,1939,Island Park,Nassau,3514641,89915
1223872.0,2807, 4 ,3,1, Single Family ,"$ 12,913",Colonial,0.12,2017,Island Park,Nassau,3511372,89915
569000.0,1165, 3 ,3,, Multi-Family ,"$ 10,076",Cape Cod,0.11,1950,Island Park,Nassau,3506891,89915
589000.0,4850, 4 ,2,, Single Family ,"$ 8,303",Colonial,0.11,1938,Island Park,Nassau,3503235,89915
1249000.0,2100, 4 ,2,1, Single Family ,$ 0,Post Modern,0.1,2023,Island Park,Nassau,3490098,89915
1300000.0,4068, 5 ,3,, Single Family ,"$ 19,012",,0.18,1982,Island Park,Nassau,3479569,89915
525000.0,4000, 4 ,2,, Single Family ,"$ 6,545",Two Story,0.09,1957,Island Park,Nassau,3476246,89915
365000.0,485, 2 ,1,, Single Family ,"$ 5,346",Bungalow,0.07,1925,Island Park,Nassau,3469354,89915
645000.0,6000, 5 ,2,, Multi-Family ,"$ 9,366",Duplex,0.14,1948,Island Park,Nassau,3466651,89915
958000.0,4000, 4 ,2,, Single Family ,"$ 11,788",Colonial,0.09,1929,Williston Park,Nassau,3546418,119361
1088000.0,2150, 4 ,2,, Multi-Family ,"$ 15,173",Duplex,0.11,1963,Williston Park,Nassau,3543940,119361
1100000.0,9900, 3 ,2,, Single Family ,"$ 13,825",Cape Cod,0.23,1938,Williston Park,Nassau,3543523,119361
1599000.0,3091, 4 ,3,1, Single Family ,$ 0,Colonial,0.14,2024,Williston Park,Nassau,3539138,119361
799000.0,1288, 2 ,2,, Multi-Family ,"$ 11,944",Duplex,0.09,1928,Williston Park,Nassau,3536977,119361
988000.0,1700, 3 ,2,1, Single Family ,"$ 13,197",Colonial,0.09,1929,Williston Park,Nassau,3534132,119361
799000.0,1318, 3 ,2,1, Single Family ,"$ 11,963",Colonial,0.09,1928,Williston Park,Nassau,3533157,119361
1288000.0,3000, 4 ,3,1, Single Family ,"$ 9,563",Colonial,0.11,2024,Williston Park,Nassau,3531512,119361
850000.0,5500, 4 ,1,1, Single Family ,"$ 13,600",Colonial,0.13,1926,Williston Park,Nassau,3530003,119361
879000.0,4000, 3 ,2,, Single Family ,"$ 11,537",Colonial,0.09,1928,Williston Park,Nassau,3529525,119361
995000.0,10225, 6 ,2,, Single Family ,"$ 15,860",Colonial,0.23,1949,Williston Park,Nassau,3505594,119361
695000.0,4000, 3 ,1,, Single Family ,"$ 11,549",Colonial,0.09,1928,Williston Park,Nassau,3499050,119361
740000.0,7475, 4 ,1,, Single Family ,"$ 9,800",Cape Cod,0.17,1954,East Norwich,Nassau,3547274,122593
779000.0,1800, 5 ,2,, Single Family ,"$ 10,540",Colonial,0.15,1954,East Norwich,Nassau,3542709,122593
1088000.0,8880, 3 ,3,1, Single Family ,"$ 13,421",Contemporary,0.2,1981,East Norwich,Nassau,3544129,122593
875000.0,6000, 5 ,3,, Single Family ,"$ 11,081",Exp Cape,0.14,1954,East Norwich,Nassau,3543036,122593
775000.0,6669, 4 ,2,, Single Family ,"$ 9,257",Exp Cape,0.15,1954,East Norwich,Nassau,3542231,122593
2488000.0,4163, 4 ,4,1, Single Family ,"$ 18,664",Ranch,1.02,1954,East Norwich,Nassau,3539812,122593
875000.0,1939, 4 ,2,1, Single Family ,"$ 14,987",Colonial,0.25,1965,East Norwich,Nassau,3533481,122593
1198000.0,2823, 4 ,3,, Single Family ,"$ 16,142",Split Level,1.18,1954,East Norwich,Nassau,3533732,122593
995000.0,13199, 3 ,3,, Single Family ,"$ 12,485",Split Level,0.3,1954,East Norwich,Nassau,3529472,122593
1398000.0,2524, 4 ,3,, Single Family ,"$ 18,783",Ranch,1,1954,East Norwich,Nassau,3529419,122593
549000.0,9100, 3 ,1,1, Single Family ,"$ 8,878",Split Level,0.21,1958,East Norwich,Nassau,3526302,122593
625000.0,1575, 4 ,3,, Single Family ,"$ 10,820",Colonial,0.04,1925,East Rockaway,Nassau,3543858,88621
579000.0,1850, 3 ,1,1, Single Family ,"$ 10,603",Ranch,0.17,1923,East Rockaway,Nassau,3537827,88621
489000.0,6800, 3 ,1,, Single Family ,"$ 11,293",Colonial,0.16,1924,East Rockaway,Nassau,3529585,88621
549000.0,3500, 3 ,2,, Single Family ,"$ 12,114",Colonial,0.08,1927,East Rockaway,Nassau,3526246,88621
1250000.0,3000, 8 ,4,, Multi-Family ,$ 0,Colonial,0.17,2024,East Rockaway,Nassau,3524423,88621
999000.0,2500, 4 ,2,1, Single Family ,$ 0,Colonial,0.21,2024,East Rockaway,Nassau,3524425,88621
525000.0,7200, 3 ,1,, Single Family ,"$ 10,315",Cape Cod,0.17,1923,East Rockaway,Nassau,3523436,88621
529000.0,1275, 4 ,1,, Single Family ,"$ 13,538",Cape Cod,0.14,1950,East Rockaway,Nassau,3517782,88621
699999.0,6150, 5 ,3,, Single Family ,"$ 11,889",Colonial,0.14,1932,East Rockaway,Nassau,3515905,88621
249990.0,1650, 1 ,1,, Single Family ,"$ 7,202",Bungalow,0.04,1926,East Rockaway,Nassau,3511263,88621
1049000.0,5000, 4 ,2,1, Single Family ,$ 0,Colonial,0.11,2023,East Rockaway,Nassau,3478815,88621
999000.0,6120, 4 ,2,1, Single Family ,"$ 8,982",Contemporary,0.14,2023,East Rockaway,Nassau,3453036,88621
629000.0,5000, 5 ,2,, Single Family ,"$ 13,545",Exp Ranch,0.11,1960,Westbury,Nassau,3545678,94101
408000.0,87064, 2 ,1,1, Condo ,"$ 5,073",Mid-Rise,2,1997,Westbury,Nassau,3545318,94101
369999.0,820, 2 ,1,1, Condo ,"$ 6,909",Garden Apartment,2,1997,Westbury,Nassau,3542199,94101
650000.0,1240, 3 ,2,, Single Family ,"$ 9,319",Ranch,0.17,1958,Westbury,Nassau,3542222,94101
899000.0,7013, 4 ,3,, Single Family ,$ 25,Colonial,0.16,2024,Westbury,Nassau,3541337,94101
607000.0,1095, 5 ,2,, Single Family ,"$ 9,452",Ranch,0.11,1958,Westbury,Nassau,H6297817,94101
699999.0,5000, 5 ,3,, Single Family ,"$ 12,090",Exp Cape,0.11,1958,Westbury,Nassau,3540348,94101
599990.0,1300, 3 ,2,, Single Family ,"$ 11,135",Exp Ranch,0.14,1953,Westbury,Nassau,3540077,94101
830000.0,7560, 7 ,2,1, Single Family ,"$ 12,745",Colonial,0.17,1948,Westbury,Nassau,3538097,94101
575000.0,1050, 3 ,1,, Single Family ,"$ 10,215",Cape Cod,0.14,1948,Westbury,Nassau,3537838,94101
819000.0,5000, 6 ,3,, Single Family ,"$ 12,449",Cape Cod,0.11,1949,Westbury,Nassau,3536975,94101
349000.0,87064, 1 ,1,1, Condo ,"$ 5,238",Mid-Rise,2,1997,Westbury,Nassau,3534196,94101
575000.0,1098, 4 ,1,, Single Family ,"$ 8,266",Cape Cod,0.14,1948,Westbury,Nassau,3534075,94101
575000.0,1032, 3 ,2,, Single Family ,"$ 8,107",Ranch,0.1,1986,Westbury,Nassau,3533852,94101
500000.0,5000, 4 ,3,, Single Family ,"$ 9,400",Cape Cod,0.11,1954,Westbury,Nassau,3532573,94101
669999.0,8840, 6 ,2,, Single Family ,"$ 13,401",Hi Ranch,0.2,1968,Westbury,Nassau,3529640,94101
640000.0,5000, 4 ,2,, Single Family ,"$ 11,077",Cape Cod,0.11,1957,Westbury,Nassau,3529045,94101
619000.0,5300, 4 ,2,, Single Family ,"$ 9,956",Cape Cod,0.12,1951,Westbury,Nassau,3528283,94101
639000.0,1688, 3 ,2,, Single Family ,"$ 9,733",Hi Ranch,0.17,1964,Westbury,Nassau,3528315,94101
685000.0,1850, 5 ,2,, Single Family ,"$ 7,077",Colonial,0.11,1951,Westbury,Nassau,3525650,94101
479999.0,1095, 3 ,2,, Single Family ,"$ 7,813",Ranch,0.11,1958,Westbury,Nassau,3523605,94101
569000.0,8000, 3 ,1,, Single Family ,"$ 11,300",Bungalow,0.18,1926,Westbury,Nassau,3520818,94101
649999.0,5000, 4 ,2,, Single Family ,"$ 11,325",Exp Cape,0.11,1956,Westbury,Nassau,3513031,94101
599999.0,6800, 4 ,1,, Single Family ,"$ 10,689",Exp Cape,0.16,1948,Westbury,Nassau,3512710,94101
1175000.0,2567, 4 ,4,1, Single Family ,"$ 17,369",Mediterranean,0.14,1955,Westbury,Nassau,3507740,94101
419000.0,5000, 4 ,2,, Single Family ,"$ 17,230",Two Story,0.11,1993,Westbury,Nassau,3499348,94101
450000.0,7500, 4 ,2,, Single Family ,"$ 12,527",Ranch,0.17,1961,Westbury,Nassau,3482442,94101
695000.0,9600, Studio ,,, Commercial ,"$ 11,998",,0.22,1958,Westbury,Nassau,3412899,94101
649000.0,1434, 4 ,2,, Single Family ,"$ 13,000",Exp Cape,0.18,1947,Westbury,Nassau,3391792,94101
479999.0,7500, 3 ,3,, Single Family ,"$ 10,904",Cape Cod,0.17,1927,Westbury,Nassau,3314568,94101
880000.0,7500, 4 ,2,, Single Family ,"$ 14,046",Exp Cape,0.17,1949,Albertson,Nassau,3547201,115292
1499000.0,2296, 4 ,4,, Single Family ,"$ 18,901",Colonial,0.11,1947,Albertson,Nassau,3545816,115292
1100000.0,4000, 6 ,2,1, Multi-Family ,"$ 16,881",Tri-Level,0.09,1966,Albertson,Nassau,3542989,115292
1380000.0,8600, 3 ,2,1, Single Family ,"$ 20,477",Colonial,0.2,1947,Albertson,Nassau,3544209,115292
1229000.0,1972, 4 ,2,1, Single Family ,"$ 18,044",Colonial,0.16,1964,Albertson,Nassau,3541267,115292
1588000.0,2167, 4 ,3,, Single Family ,"$ 16,700",Modern,0.19,1969,Albertson,Nassau,3539872,115292
850888.0,1200, 4 ,1,, Single Family ,"$ 12,205",Cape Cod,0.11,1949,Albertson,Nassau,3536886,115292
799000.0,1270, 4 ,2,, Single Family ,"$ 12,205",Cape Cod,0.11,1953,Albertson,Nassau,3537595,115292
1488000.0,2580, 6 ,4,, Single Family ,"$ 17,775",Exp Ranch,0.14,1951,Albertson,Nassau,3534673,115292
749000.0,1109, 3 ,2,1, Single Family ,"$ 12,058",Cape Cod,0.11,1946,Albertson,Nassau,3533062,115292
1499000.0,7500, 6 ,4,2, Multi-Family ,"$ 17,189",Colonial,0.17,1918,Albertson,Nassau,3532312,115292
1319000.0,12502, 4 ,2,1, Single Family ,"$ 18,124",Colonial,0.29,1949,Albertson,Nassau,3531155,115292
1499000.0,9130, Studio ,,, Commercial ,"$ 29,526",,0.21,1956,Albertson,Nassau,3529719,115292
2600000.0,10500, Studio ,,, Commercial ,"$ 35,000",,0.24,1957,Albertson,Nassau,3528964,115292
1299000.0,2345, 4 ,3,, Single Family ,"$ 17,550",Colonial,0.15,1947,Albertson,Nassau,3529061,115292
649000.0,5750, 4 ,2,, Single Family ,"$ 15,032",Cape Cod,0.13,1957,Albertson,Nassau,3520375,115292
585000.0,5265, Studio ,,, Lots and Land ,"$ 12,000",,0.12,,Albertson,Nassau,3514955,115292
599000.0,2800, 4 ,3,, Single Family ,"$ 17,838",Colonial,0.15,1950,Albertson,Nassau,3515492,115292
1598000.0,2750, 5 ,3,1, Single Family ,"$ 16,855",Two Story,0.21,1969,Albertson,Nassau,3515308,115292
1080000.0,8700, 4 ,2,1, Single Family ,"$ 18,042",Colonial,0.2,1966,Albertson,Nassau,3512942,115292
949990.0,5000, 4 ,2,, Single Family ,"$ 15,820",Colonial,0.11,1931,Albertson,Nassau,3512316,115292
849000.0,5300, 4 ,2,, Single Family ,"$ 13,218",Colonial,0.12,1926,Albertson,Nassau,3495146,115292
1288000.0,9520, 5 ,2,, Multi-Family ,"$ 14,382",Two Story,0.22,1972,Albertson,Nassau,3492842,115292
1190000.0,9100, Studio ,,, Lots and Land ,$ 0,,,,Albertson,Nassau,3448079,115292
699990.0,4000, 3 ,1,1, Single Family ,"$ 11,021",Colonial,0.09,1926,Valley Stream,Nassau,3546915,82417
689000.0,4000, 4 ,2,1, Single Family ,"$ 11,359",Colonial,0.09,1923,Valley Stream,Nassau,3544756,82417
620000.0,5750, 4 ,1,1, Single Family ,"$ 10,628",Colonial,0.13,1925,Valley Stream,Nassau,3544593,82417
799000.0,5750, 4 ,1,1, Single Family ,"$ 10,628",Colonial,0.13,1925,Valley Stream,Nassau,3544594,82417
585000.0,1384, 3 ,1,, Single Family ,"$ 11,503",Exp Cape,0.13,1950,Valley Stream,Nassau,3543221,82417
659000.0,1199, 4 ,2,, Single Family ,"$ 10,931",Colonial,0.09,1924,Valley Stream,Nassau,3542329,82417
499000.0,4100, 2 ,1,1, Single Family ,"$ 9,792",Cape Cod,0.09,1947,Valley Stream,Nassau,3540556,82417
799000.0,1328, 4 ,2,1, Single Family ,"$ 11,877",Exp Ranch,0.16,1969,Valley Stream,Nassau,3540639,82417
774999.0,6000, 4 ,2,, Single Family ,"$ 10,363",Ranch,0.14,1952,Valley Stream,Nassau,3538472,82417
699000.0,4750, 3 ,1,1, Single Family ,"$ 12,086",Colonial,0.11,1941,Valley Stream,Nassau,3538675,82417
764999.0,6000, 3 ,2,, Single Family ,"$ 10,871",Split Level,0.14,1955,Valley Stream,Nassau,3536847,82417
749999.0,1705, 4 ,2,, Single Family ,"$ 14,000",Ranch,0.24,1950,Valley Stream,Nassau,3535357,82417
649000.0,4400, 3 ,1,1, Single Family ,"$ 10,268",Colonial,0.1,1923,Valley Stream,Nassau,3535568,82417
698000.0,1645, 3 ,2,, Single Family ,"$ 11,085",Exp Cape,0.14,1943,Valley Stream,Nassau,3534796,82417
749999.0,4000, 4 ,2,1, Single Family ,"$ 7,829",Colonial,0.09,1923,Valley Stream,Nassau,3534311,82417
575000.0,4000, 3 ,1,, Single Family ,"$ 10,474",Colonial,0.09,1925,Valley Stream,Nassau,3530388,82417
718000.0,1344, 6 ,2,, Single Family ,"$ 12,711",Exp Ranch,0.13,1955,Valley Stream,Nassau,3530598,82417
615000.0,4600, 3 ,1,, Single Family ,"$ 10,777",Two Story,0.11,1948,Valley Stream,Nassau,3527710,82417
1090000.0,8760, 5 ,3,, Single Family ,"$ 20,336",Hi Ranch,0.2,1964,Valley Stream,Nassau,3526043,82417
489000.0,1596, 3 ,2,, Single Family ,"$ 16,598",Ranch,0.14,1951,Valley Stream,Nassau,3525028,82417
875000.0,10999, 4 ,3,, Single Family ,"$ 13,776",Colonial,0.25,1950,Valley Stream,Nassau,3521423,82417
639000.0,6000, 3 ,2,, Single Family ,"$ 11,234",Ranch,0.14,1951,Valley Stream,Nassau,3518409,82417
799000.0,6500, 4 ,2,, Single Family ,"$ 14,571",Split Level,0.15,1958,Valley Stream,Nassau,3509622,82417
679000.0,4000, 4 ,2,, Single Family ,"$ 10,446",Cape Cod,0.09,1940,Valley Stream,Nassau,3491333,82417
725000.0,4465, 4 ,2,, Single Family ,"$ 3,745",Cape Cod,0.1,1955,Rosedale,Queens,3488604,84261
689999.0,6000, 3 ,2,, Single Family ,"$ 11,056",Ranch,0.14,1951,Valley Stream,Nassau,3469406,82417
399000.0,6000, 4 ,2,, Single Family ,"$ 19,564",Ranch,0.14,1957,Valley Stream,Nassau,3408842,82417
550000.0,6300, 4 ,2,, Single Family ,"$ 8,681",Ranch,0.14,1952,Valley Stream,Nassau,3400958,82417
749000.0,6000, 4 ,2,1, Single Family ,"$ 10,172",Cape Cod,0.14,1954,Floral Park,Nassau,3538709,102922
629000.0,1980, 3 ,1,1, Single Family ,"$ 10,004",Colonial,0.05,1930,Floral Park,Nassau,3537891,102922
739000.0,1264, 3 ,1,1, Single Family ,"$ 12,200",Colonial,0.06,1925,Floral Park,Nassau,3533187,102922
709000.0,1980, 3 ,1,2, Single Family ,"$ 8,088",Colonial,0.05,1931,Floral Park,Nassau,3532305,102922
1088000.0,7622, 4 ,2,1, Single Family ,"$ 21,630",Colonial,0.17,1973,Great Neck,Nassau,3542459,80809
999999.0,7740, 3 ,2,, Single Family ,"$ 11,312",Colonial,0.18,1925,Great Neck,Nassau,3536405,80809
1680000.0,11400, 4 ,4,1, Single Family ,"$ 19,209",Colonial,0.26,1925,Great Neck,Nassau,3537216,80809
1138000.0,2286, 3 ,3,, Single Family ,"$ 20,893",Split Level,0.3,1957,Great Neck,Nassau,3537341,80809
515000.0,1200, 2 ,2,, Co-Op ,$ 0,High Rise,,1960,Great Neck,Nassau,3533891,80809
1050000.0,13687, 5 ,2,1, Single Family ,"$ 15,836",Colonial,0.31,1958,Great Neck,Nassau,3533458,80809
1249000.0,1774, 3 ,2,, Single Family ,"$ 14,223",,0.44,1920,Great Neck,Nassau,3518695,80809
